T_C,j_A_cm2,error_V,valid
-39.5,5e-10,2.4349433827008937e-06,True
-39.5,1.084300648087722e-09,5.956127858697258e-06,True
-39.5,1.2671151427991833e-09,6.940252483156328e-06,True
-39.5,1.4807523982786558e-09,8.078447766290964e-06,True
-39.5,1.7304091719433345e-09,9.389760738942599e-06,True
-39.5,2.022158401246853e-09,1.089247595364995e-05,True
-39.5,2.363096928769132e-09,1.2601796692601752e-05,True
-39.5,2.7615181339478187e-09,1.452602924700841e-05,True
-39.5,3.2271136707434075e-09,1.666057408722388e-05,True
-39.5,3.771209218536234e-09,1.897886399393478e-05,True
-39.5,4.4070399809302176e-09,2.1419364835351118e-05,True
-39.5,5.150072634012047e-09,2.3868120894832145e-05,True
-39.5,6.018381555504162e-09,2.6137519697710943e-05,True
-39.5,7.033088486640534e-09,2.794456060417616e-05,True
-39.5,8.218876321604705e-09,2.8896368156727803e-05,True
-39.5,9.604589522532925e-09,2.8496404840927525e-05,True
-39.5,1.1223935765265053e-08,2.6188775009705623e-05,True
-39.5,1.3116305883478639e-08,2.1453856214437295e-05,True
-39.5,1.5327732056466708e-08,1.3949347344999197e-05,True
-39.5,1.7912007548616885e-08,3.6578972315570724e-06,True
-39.5,2.093199523841801e-08,9.02552265702461e-06,True
-39.5,2.446115676715346e-08,2.332637045365793e-05,True
-39.5,2.8585339504046212e-08,3.824967002308277e-05,True
-39.5,3.340486479604349e-08,5.280312754218919e-05,True
-39.5,3.903696829922185e-08,6.61912347617033e-05,True
-39.5,4.561865175323028e-08,7.791580799820785e-05,True
-39.5,5.331001556860105e-08,8.777584672148286e-05,True
-39.5,6.229815329260023e-08,9.580188600954997e-05,True
-39.5,7.280170268706899e-08,0.00010216921229821985,True
-39.5,8.507616412388804e-08,0.00010712089212083775,True
-39.5,9.942011566881027e-08,0.00011091336203095103,True
-39.5,1.1618247603648405e-07,0.00011378464811584443,True
-39.5,1.357709920891076e-07,0.00011593974088497383,True
-39.5,1.5866215733835693e-07,0.00011754685660481101,True
-39.5,1.854128027195958e-07,0.00011873959022801195,True
-39.5,2.1667364158564133e-07,0.00011962164896095473,True
-39.5,2.532050984040335e-07,0.00012027224836441697,True
-39.5,2.958958061931839e-07,0.00012075120025811792,True
-39.5,3.4578422265023266e-07,0.00012110329044157098,True
-39.5,4.040838907860794e-07,0.00012136185150990464,True
-39.5,4.722129585362281e-07,0.00012155158311677461,True
-39.5,5.518286754162768e-07,0.000121690729415036,True
-39.5,6.448677053582382e-07,0.00012179273486712106,True
-39.5,7.535932363433208e-07,0.00012186749008469278,True
-39.5,8.806500327798515e-07,0.00012192226217799806,True
-39.5,1.0291287697834797e-06,0.00012196238577555363,True
-39.5,1.2026412143004133e-06,0.00012199177429184083,True
-39.5,1.4054080818654717e-06,0.00012201329714045528,True
-39.5,1.6423617061234313e-06,0.00012202905747682458,True
-39.5,1.919266018564754e-06,0.00012204059639397968,True
-39.5,2.242856757000253e-06,0.00012204904288903862,True
-39.5,2.6210053133663435e-06,0.00012205522390651424,True
-39.5,3.062910206482632e-06,0.00012205974504930772,True
-39.5,3.579320837364593e-06,0.00012206304974271553,True
-39.5,4.182798969972031e-06,0.00012206546259085904,True
-39.5,4.8880242979506284e-06,0.00012206722114171953,True
-39.5,5.7121515303221566e-06,0.00012206849915497031,True
-39.5,6.6752276822850066e-06,0.00012206942364034745,True
-39.5,7.800679721784456e-06,0.00012207008732789681,True
-39.5,9.115884433926798e-06,0.0001220705578013348,True
-39.5,1.0652834365272401e-05,0.0001220708841723761,True
-39.5,1.244891604719963e-05,0.00012207110196293947,True
-39.5,1.4547819428736743e-05,0.00012207123666940767,True
-39.5,1.700060064094805e-05,0.00012207130635910612,True
-39.5,1.9866923944772957e-05,0.00012207132355868122,True
-39.5,2.3216513072880598e-05,0.00012207129661689908,True
-39.5,2.7130847269642384e-05,0.00012207123068674886,True
-39.5,3.170514328564207e-05,0.00012207112841655654,True
-39.5,3.705067153902942e-05,0.00012207099043315406,True
-39.5,4.329746278468033e-05,0.00012207081566006917,True
-39.5,5.0597471131285437e-05,0.00012207060151581128,True
-39.5,5.9128270347219716e-05,0.0001220703440144577,True
-39.5,6.909737336837289e-05,0.00012207003778730297,True
-39.5,8.074728008059909e-05,0.00012206967604067032,True
-39.5,9.436137616482962e-05,0.00012206925045576966,True
-39.5,0.00011027082649511832,0.00012206875103137893,True
-39.5,0.00012886263077253266,0.00012206816587623237,True
-39.5,0.00015058903734935916,0.00012206748094534259,True
-39.5,0.00017597854423627313,0.00012206667971514928,True
-39.5,0.0002056487548935761,0.00012206574279682858,True
-39.5,0.00024032140152549899,0.0001220646474737741,True
-39.5,0.00028083990132139714,0.00012206336715581134,True
-39.5,0.00032818987270196787,0.00012206187073893204,True
-39.5,0.0003835231106311733,0.00012206012185145276,True
-39.5,0.0004481856041968269,0.00012205807797172064,True
-39.5,0.0005237502779915854,0.00012205568939838152,True
-39.5,0.0006120552537332152,0.00012205289803934871,True
-39.5,0.0007152485628436249,0.00012204963600204177,True
-39.5,0.0008358403976266819,0.00012204582394204078,True
-39.5,0.0009767641720623372,0.00012204136913418484,True
-39.5,0.0011414478775297805,0.00012203616321548871,True
-39.5,0.0013338974691980096,0.00012203007955147172,True
-39.5,0.0015587943114699354,0.00012202297015473373,True
-39.5,0.0018216090528546738,0.00012201466208461298,True
-39.5,0.0021287347002908923,0.00012200495324177218,True
-39.5,0.0024876421299735775,0.00012199360744813426,True
-39.5,0.0029070618175077593,0.00012198034870569696,True
-39.5,0.003397196208001707,0.00012196485447812933,True
-39.5,0.003969967892033094,0.00012194674784538062,True
-39.5,0.00463930962440476,0.00012192558833135081,True
-39.5,0.005625,0.00024994215489870797,True
-39.5,0.006875,0.00016687407254278863,True
-39.5,0.00875,0.00041488033319991846,True
-39.5,0.01125,0.0002497643213718037,True
-39.5,0.01375,0.0001666567244791306,True
-39.5,0.0175,0.00041460365876677674,True
-39.5,0.0225,0.0002494086178175259,True
-39.5,0.027500000000000004,0.0001662219918039387,True
-39.5,0.0325,0.00011846485904831727,True
-39.5,0.0375,8.850013492178732e-05,True
-39.5,0.042499999999999996,6.844642376657717e-05,True
-39.5,0.0475,5.434970170259401e-05,True
-39.5,0.0525,4.4048369160165635e-05,True
-39.5,0.057499999999999996,3.627950038398442e-05,True
-39.5,0.0625,3.0265014238195498e-05,True
-39.5,0.0675,2.550428162473306e-05,True
-39.5,0.07250000000000001,2.1663326188470222e-05,True
-39.5,0.07750000000000001,1.8512417869875897e-05,True
-39.5,0.0825,1.588932549179134e-05,True
-39.5,0.08750000000000001,1.3676841582266341e-05,True
-39.5,0.0925,1.1788578073268496e-05,True
-39.5,0.0975,1.0159728449754546e-05,True
-39.5,0.10250000000000001,8.740906366266898e-06,True
-39.5,0.10750000000000001,7.49394309340623e-06,True
-39.5,0.1125,6.388963043613138e-06,True
-39.5,0.11750000000000001,5.402311689328698e-06,True
-39.5,0.1225,4.515063303567324e-06,True
-39.5,0.1275,3.7119302297439205e-06,True
-39.5,0.1325,2.9804547888589994e-06,True
-39.5,0.1375,2.310403106275949e-06,True
-39.5,0.14250000000000002,1.6933051949497013e-06,True
-39.5,0.14750000000000002,1.1221023034080346e-06,True
-39.5,0.1525,5.908738662796509e-07,True
-39.5,0.1575,9.462416161731824e-08,True
-39.5,0.1625,3.708857938544696e-07,True
-39.5,0.1675,8.092717483920708e-07,True
-39.5,0.17250000000000001,1.2236330284576269e-06,True
-39.5,0.17750000000000002,1.6166385881088985e-06,True
-39.5,0.1825,1.990596783074672e-06,True
-39.5,0.1875,2.3475122931104764e-06,True
-39.5,0.1925,2.689132834632346e-06,True
-39.5,0.1975,3.0169876938934692e-06,True
-39.5,0.2025,3.3324196900830216e-06,True
-39.5,0.20750000000000002,3.6366118061348374e-06,True
-39.5,0.21250000000000002,3.930609488889125e-06,True
-39.5,0.2175,4.2153394006483325e-06,True
-39.5,0.2225,4.491625255176324e-06,True
-39.5,0.2275,4.7602012422931494e-06,True
-39.5,0.2325,5.021723456621885e-06,True
-39.5,0.23750000000000002,5.276779657448216e-06,True
-39.5,0.2425,5.525897634472976e-06,True
-39.5,0.2475,5.7695524048329005e-06,True
-39.5,0.2525,6.0081724200244935e-06,True
-39.5,0.2575,6.24214493721853e-06,True
-39.5,0.2625,6.471820684639251e-06,True
-39.5,0.2675,6.6975179182637845e-06,True
-39.5,0.2725,6.919525963100526e-06,True
-39.5,0.2775,7.138108315485336e-06,True
-39.5,0.28250000000000003,7.353505358742574e-06,True
-39.5,0.28750000000000003,7.5659367553271295e-06,True
-39.5,0.2925,7.775603553306087e-06,True
-39.5,0.2975,7.982690049257446e-06,True
-39.5,0.3025,8.187365432898996e-06,True
-39.5,0.3075,8.389785251416981e-06,True
-39.5,0.3125,8.590092707871921e-06,True
-39.5,0.3175,8.788419817884474e-06,True
-39.5,0.3225,8.984888442864492e-06,True
-39.5,0.3275,9.179611212661865e-06,True
-39.5,0.3325,9.372692352682677e-06,True
-39.5,0.3375,9.564228425129606e-06,True
-39.5,0.3425,9.754308995357786e-06,True
-39.5,0.34750000000000003,9.943017230562567e-06,True
-39.5,0.35250000000000004,1.0130430443011651e-05,True
-39.5,0.35750000000000004,1.0316620575434587e-05,True
-39.5,0.3625,1.050165464311359e-05,True
-39.5,0.3675,1.0685595133674841e-05,True
-39.5,0.3725,1.0868500369631828e-05,True
-39.5,0.3775,1.1050424835290507e-05,True
-39.5,0.3825,1.1231419478396898e-05,True
-39.5,0.3875,1.1411531980809464e-05,True
-39.5,0.3925,1.1590807006300885e-05,True
-39.5,0.3975,1.1769286427099068e-05,True
-39.5,0.4025,1.1947009531443342e-05,True
-39.5,0.40750000000000003,1.2124013211878282e-05,True
-39.5,0.41250000000000003,1.23003321384485e-05,True
-39.5,0.41750000000000004,1.2475998916849917e-05,True
-39.5,0.4225,1.2651044236644537e-05,True
-39.5,0.4275,1.282549700126756e-05,True
-39.5,0.4325,1.299938445459281e-05,True
-39.5,0.4375,1.3172732291788503e-05,True
-39.5,0.4425,1.334556476423332e-05,True
-39.5,0.4475,1.3517904777105016e-05,True
-39.5,0.4525,1.3689773976477415e-05,True
-39.5,0.4575,1.3861192831643443e-05,True
-39.5,0.4625,1.403218071216461e-05,True
-39.5,0.4675,1.4202755956982394e-05,True
-39.5,0.47250000000000003,1.4372935939865883e-05,True
-39.5,0.47750000000000004,1.4542737129807914e-05,True
-39.5,0.48250000000000004,1.47121751469248e-05,True
-39.5,0.4875,1.4881264814192718e-05,True
-39.5,0.4925,1.5050020206075487e-05,True
-39.5,0.4975,1.5218454693488592e-05,True
-34.5,5e-10,1.2223391356869229e-06,True
-34.5,1.084300648087722e-09,2.729868674888891e-06,True
-34.5,1.2671151427991833e-09,3.187874460186535e-06,True
-34.5,1.4807523982786558e-09,3.7217608024331383e-06,True
-34.5,1.7304091719433345e-09,4.34352650025005e-06,True
-34.5,2.022158401246853e-09,5.066724013014223e-06,True
-34.5,2.363096928769132e-09,5.90644668596596e-06,True
-34.5,2.7615181339478187e-09,6.879155888483979e-06,True
-34.5,3.2271136707434075e-09,8.00223363439656e-06,True
-34.5,3.771209218536234e-09,9.293082465555713e-06,True
-34.5,4.4070399809302176e-09,1.0767501760433618e-05,True
-34.5,5.150072634012047e-09,1.2436941648097388e-05,True
-34.5,6.018381555504162e-09,1.4304072431858827e-05,True
-34.5,7.033088486640534e-09,1.6355929060463126e-05,True
-34.5,8.218876321604705e-09,1.855376289650046e-05,True
-34.5,9.604589522532925e-09,2.081881383975137e-05,True
-34.5,1.1223935765265053e-08,2.301381170322081e-05,True
-34.5,1.3116305883478639e-08,2.4921619824258556e-05,True
-34.5,1.5327732056466708e-08,2.6225623679154708e-05,True
-34.5,1.7912007548616885e-08,2.6501432576209183e-05,True
-34.5,2.093199523841801e-08,2.523492642803049e-05,True
-34.5,2.446115676715346e-08,2.188348965659337e-05,True
-34.5,2.8585339504046212e-08,1.598842655159416e-05,True
-34.5,3.340486479604349e-08,7.321909328172893e-06,True
-34.5,3.903696829922185e-08,3.981856054435795e-06,True
-34.5,4.561865175323028e-08,1.7379769922776234e-05,True
-34.5,5.331001556860105e-08,3.2001429895123223e-05,True
-34.5,6.229815329260023e-08,4.683935294491626e-05,True
-34.5,7.280170268706899e-08,6.0968633204927514e-05,True
-34.5,8.507616412388804e-08,7.370859813171649e-05,True
-34.5,9.942011566881027e-08,8.468291532870431e-05,True
-34.5,1.1618247603648405e-07,9.379000817166805e-05,True
-34.5,1.357709920891076e-07,0.00010112556939922968,True
-34.5,1.5866215733835693e-07,0.00010689771387895064,True
-34.5,1.854128027195958e-07,0.00011135847921983633,True
-34.5,2.1667364158564133e-07,0.00011475875430888571,True
-34.5,2.532050984040335e-07,0.0001173239241625268,True
-34.5,2.958958061931839e-07,0.00011924412418040653,True
-34.5,3.4578422265023266e-07,0.0001206732364724683,True
-34.5,4.040838907860794e-07,0.0001217323074818033,True
-34.5,4.722129585362281e-07,0.00012251467068025157,True
-34.5,5.518286754162768e-07,0.00012309127475296222,True
-34.5,6.448677053582382e-07,0.00012351550398914668,True
-34.5,7.535932363433208e-07,0.0001238272311494537,True
-34.5,8.806500327798515e-07,0.00012405607816523556,True
-34.5,1.0291287697834797e-06,0.00012422396595535012,True
-34.5,1.2026412143004133e-06,0.0001243470705221128,True
-34.5,1.4054080818654717e-06,0.00012443730383582263,True
-34.5,1.6423617061234313e-06,0.00012450342456671315,True
-34.5,1.919266018564754e-06,0.00012455186568272048,True
-34.5,2.242856757000253e-06,0.00012458734814813077,True
-34.5,2.6210053133663435e-06,0.00012461333446589506,True
-34.5,3.062910206482632e-06,0.00012463236300819247,True
-34.5,3.579320837364593e-06,0.0001246462940400761,True
-34.5,4.182798969972031e-06,0.00012465649050485972,True
-34.5,4.8880242979506284e-06,0.00012466395075594328,True
-34.5,5.7121515303221566e-06,0.00012466940593380826,True
-34.5,6.6752276822850066e-06,0.00012467339136246203,True
-34.5,7.800679721784456e-06,0.00012467629888601728,True
-34.5,9.115884433926798e-06,0.00012467841520580336,True
-34.5,1.0652834365272401e-05,0.0001246799499745599,True
-34.5,1.244891604719963e-05,0.00012468105635954352,True
-34.5,1.4547819428736743e-05,0.00012468184609959465,True
-34.5,1.700060064094805e-05,0.00012468240052365687,True
-34.5,1.9866923944772957e-05,0.0001246827786066662,True
-34.5,2.3216513072880598e-05,0.0001246830228560647,True
-34.5,2.7130847269642384e-05,0.00012468316360569887,True
-34.5,3.170514328564207e-05,0.0001246832221409866,True
-34.5,3.705067153902942e-05,0.00012468321296577045,True
-34.5,4.329746278468033e-05,0.0001246831454350117,True
-34.5,5.0597471131285437e-05,0.00012468302491885908,True
-34.5,5.9128270347219716e-05,0.00012468285362221554,True
-34.5,6.909737336837289e-05,0.00012468263113885047,True
-34.5,8.074728008059909e-05,0.00012468235481077894,True
-34.5,9.436137616482962e-05,0.0001246820199325427,True
-34.5,0.00011027082649511832,0.00012468161983514303,True
-34.5,0.00012886263077253266,0.0001246811458673891,True
-34.5,0.00015058903734935916,0.00012468058729142584,True
-34.5,0.00017597854423627313,0.0001246799310998803,True
-34.5,0.0002056487548935761,0.00012467916175573635,True
-34.5,0.00024032140152549899,0.00012467826085438283,True
-34.5,0.00028083990132139714,0.00012467720670950033,True
-34.5,0.00032818987270196787,0.0001246759738452452,True
-34.5,0.0003835231106311733,0.00012467453239417559,True
-34.5,0.0004481856041968269,0.0001246728473812686,True
-34.5,0.0005237502779915854,0.00012467087788403663,True
-34.5,0.0006120552537332152,0.00012466857604154225,True
-34.5,0.0007152485628436249,0.00012466588589499228,True
-34.5,0.0008358403976266819,0.00012466274203171146,True
-34.5,0.0009767641720623372,0.00012465906799363768,True
-34.5,0.0011414478775297805,0.00012465477442169526,True
-34.5,0.0013338974691980096,0.0001246497568818672,True
-34.5,0.0015587943114699354,0.00012464389332556003,True
-34.5,0.0018216090528546738,0.00012463704112253282,True
-34.5,0.0021287347002908923,0.00012462903358900768,True
-34.5,0.0024876421299735775,0.00012461967593557777,True
-34.5,0.0029070618175077593,0.00012460874052722115,True
-34.5,0.003397196208001707,0.00012459596134362094,True
-34.5,0.003969967892033094,0.0001245810275106729,True
-34.5,0.00463930962440476,0.00012456357573176202,True
-34.5,0.005625,0.0002553257635657946,True
-34.5,0.006875,0.0001704878331540982,True
-34.5,0.00875,0.000423812966290793,True
-34.5,0.01125,0.0002551790891298644,True
-34.5,0.01375,0.0001703085683709693,True
-34.5,0.0175,0.0004235847620128741,True
-34.5,0.0225,0.0002548857041203556,True
-34.5,0.027500000000000004,0.0001699500026329792,True
-34.5,0.0325,0.0001212019688792143,True
-34.5,0.0375,9.062709292284588e-05,True
-34.5,0.042499999999999996,7.01753209492173e-05,True
-34.5,0.0475,5.580801482873987e-05,True
-34.5,0.0525,4.53173177795696e-05,True
-34.5,0.057499999999999996,3.741327802875283e-05,True
-34.5,0.0625,3.130116387062287e-05,True
-34.5,0.0675,2.6469632980363755e-05,True
-34.5,0.07250000000000001,2.25775620662505e-05,True
-34.5,0.07750000000000001,1.939030495290428e-05,True
-34.5,0.0825,1.6742158792770745e-05,True
-34.5,0.08750000000000001,1.4513407929350741e-05,True
-34.5,0.0925,1.261581563094527e-05,True
-34.5,0.0975,1.0983188552859957e-05,True
-34.5,0.10250000000000001,9.56508350524743e-06,True
-34.5,0.10750000000000001,8.322514966185857e-06,True
-34.5,0.1125,7.224968024188705e-06,True
-34.5,0.11750000000000001,6.248281956500179e-06,True
-34.5,0.1225,5.373126033880737e-06,True
-34.5,0.1275,4.583885451658887e-06,True
-34.5,0.1325,3.867835941639974e-06,True
-34.5,0.1375,3.2145246300352426e-06,True
-34.5,0.14250000000000002,2.615300275454757e-06,True
-34.5,0.14750000000000002,2.062953072479168e-06,True
-34.5,0.1525,1.5514357586399186e-06,True
-34.5,0.1575,1.0756457056171342e-06,True
-34.5,0.1625,6.312532181418362e-07,True
-34.5,0.1675,2.1456517296236655e-07,True
-34.5,0.17250000000000001,1.7758408132895198e-07,True
-34.5,0.17750000000000002,5.479206129921366e-07,True
-34.5,0.1825,8.98802174909008e-07,True
-34.5,0.1875,1.232276346407879e-06,True
-34.5,0.1925,1.5501282435437247e-06,True
-34.5,0.1975,1.8539198799460976e-06,True
-34.5,0.2025,2.1450228092634305e-06,True
-34.5,0.20750000000000002,2.424645330623143e-06,True
-34.5,0.21250000000000002,2.693855262414502e-06,True
-34.5,0.2175,2.9535990971885084e-06,True
-34.5,0.2225,3.2047181753869225e-06,True
-34.5,0.2275,3.4479623988170616e-06,True
-34.5,0.2325,3.6840019017603254e-06,True
-34.5,0.23750000000000002,3.913437021552113e-06,True
-34.5,0.2425,4.136806842192087e-06,True
-34.5,0.2475,4.354596546018996e-06,True
-34.5,0.2525,4.567243753084149e-06,True
-34.5,0.2575,4.775144007984622e-06,True
-34.5,0.2625,4.978655544163324e-06,True
-34.5,0.2675,5.178103427705416e-06,True
-34.5,0.2725,5.3737831757771914e-06,True
-34.5,0.2775,5.56596392287112e-06,True
-34.5,0.28250000000000003,5.754891196696477e-06,True
-34.5,0.28750000000000003,5.94078935989284e-06,True
-34.5,0.2925,6.123863764084803e-06,True
-34.5,0.2975,6.304302648085791e-06,True
-34.5,0.3025,6.482278823327636e-06,True
-34.5,0.3075,6.657951165334186e-06,True
-34.5,0.3125,6.831465941603554e-06,True
-34.5,0.3175,7.00295799255235e-06,True
-34.5,0.3225,7.172551787892889e-06,True
-34.5,0.3275,7.340362367380671e-06,True
-34.5,0.3325,7.506496187081879e-06,True
-34.5,0.3375,7.671051874880153e-06,True
-34.5,0.3425,7.834120913208231e-06,True
-34.5,0.34750000000000003,7.995788250003688e-06,True
-34.5,0.35250000000000004,8.156132850156705e-06,True
-34.5,0.35750000000000004,8.315228197108837e-06,True
-34.5,0.3625,8.473142739995332e-06,True
-34.5,0.3675,8.62994030337294e-06,True
-34.5,0.3725,8.785680458089917e-06,True
-34.5,0.3775,8.940418854574972e-06,True
-34.5,0.3825,9.094207530424558e-06,True
-34.5,0.3875,9.247095188014143e-06,True
-34.5,0.3925,9.399127446962918e-06,True
-34.5,0.3975,9.550347075948373e-06,True
-34.5,0.4025,9.700794203149066e-06,True
-34.5,0.40750000000000003,9.850506510866719e-06,True
-34.5,0.41250000000000003,9.999519411163504e-06,True
-34.5,0.41750000000000004,1.0147866208010115e-05,True
-34.5,0.4225,1.029557824661076e-05,True
-34.5,0.4275,1.0442685049849576e-05,True
-34.5,0.4325,1.0589214444078898e-05,True
-34.5,0.4375,1.0735192674471428e-05,True
-34.5,0.4425,1.0880644511657156e-05,True
-34.5,0.4475,1.1025593350644236e-05,True
-34.5,0.4525,1.1170061300525003e-05,True
-34.5,0.4575,1.1314069269185989e-05,True
-34.5,0.4625,1.1457637040190871e-05,True
-34.5,0.4675,1.1600783345333543e-05,True
-34.5,0.47250000000000003,1.1743525929863718e-05,True
-34.5,0.47750000000000004,1.1885881615492089e-05,True
-34.5,0.48250000000000004,1.2027866356345562e-05,True
-34.5,0.4875,1.2169495292313481e-05,True
-34.5,0.4925,1.2310782800006859e-05,True
-34.5,0.4975,1.2451742535890542e-05,True
-29.5,5e-10,5.877457254221952e-07,True
-29.5,1.084300648087722e-09,1.2846952985867688e-06,True
-29.5,1.2671151427991833e-09,1.5010211715793531e-06,True
-29.5,1.4807523982786558e-09,1.7536558454267492e-06,True
-29.5,1.7304091719433345e-09,2.048623405137562e-06,True
-29.5,2.022158401246853e-09,2.392905561254821e-06,True
-29.5,2.363096928769132e-09,2.7945686751351673e-06,True
-29.5,2.7615181339478187e-09,3.262891861144368e-06,True
-29.5,3.2271136707434075e-09,3.8084844458108336e-06,True
-29.5,3.771209218536234e-09,4.443372231488496e-06,True
-29.5,4.4070399809302176e-09,5.1810179146905e-06,True
-29.5,5.150072634012047e-09,6.0362187985774085e-06,True
-29.5,6.018381555504162e-09,7.024790591891872e-06,True
-29.5,7.033088486640534e-09,8.162893951002559e-06,True
-29.5,8.218876321604705e-09,9.465783630480118e-06,True
-29.5,9.604589522532925e-09,1.0945651324423267e-05,True
-29.5,1.1223935765265053e-08,1.2608088815424523e-05,True
-29.5,1.3116305883478639e-08,1.4446526718003838e-05,True
-29.5,1.5327732056466708e-08,1.6433846490970794e-05,True
-29.5,1.7912007548616885e-08,1.8510327152609918e-05,True
-29.5,2.093199523841801e-08,2.0567401161741827e-05,True
-29.5,2.446115676715346e-08,2.2427758247012264e-05,True
-29.5,2.8585339504046212e-08,2.3824709176167858e-05,True
-29.5,3.340486479604349e-08,2.4387850013241064e-05,True
-29.5,3.903696829922185e-08,2.3647508793134264e-05,True
-29.5,4.561865175323028e-08,2.107453625987965e-05,True
-29.5,5.331001556860105e-08,1.616886760991143e-05,True
-29.5,6.229815329260023e-08,8.593084231733883e-06,True
-29.5,7.280170268706899e-08,1.6839439123117472e-06,True
-29.5,8.507616412388804e-08,1.4296731161378418e-05,True
-29.5,9.942011566881027e-08,2.850629578698971e-05,True
-29.5,1.1618247603648405e-07,4.334779279169254e-05,True
-29.5,1.357709920891076e-07,5.784625324545267e-05,True
-29.5,1.5866215733835693e-07,7.121008329780132e-05,True
-29.5,1.854128027195958e-07,8.293591394314959e-05,True
-29.5,2.1667364158564133e-07,9.281394044036162e-05,True
-29.5,2.532050984040335e-07,0.00010086626708605273,True
-29.5,2.958958061931839e-07,0.00010726195738763877,True
-29.5,3.4578422265023266e-07,0.00011224031151657599,True
-29.5,4.040838907860794e-07,0.00011605595003771896,True
-29.5,4.722129585362281e-07,0.00011894635957099275,True
-29.5,5.518286754162768e-07,0.0001211167021828441,True
-29.5,6.448677053582382e-07,0.0001227356904882626,True
-29.5,7.535932363433208e-07,0.0001239375115646979,True
-29.5,8.806500327798515e-07,0.0001248264417099687,True
-29.5,1.0291287697834797e-06,0.00012548219128571958,True
-29.5,1.2026412143004133e-06,0.00012596497852990218,True
-29.5,1.4054080818654717e-06,0.00012631991139078202,True
-29.5,1.6423617061234313e-06,0.0001265805718786428,True
-29.5,1.919266018564754e-06,0.0001267718496629211,True
-29.5,2.242856757000253e-06,0.00012691213203441798,True
-29.5,2.6210053133663435e-06,0.00012701497041334164,True
-29.5,3.062910206482632e-06,0.0001270903348666863,True
-29.5,3.579320837364593e-06,0.00012714555126791538,True
-29.5,4.182798969972031e-06,0.00012718599755445759,True
-29.5,4.8880242979506284e-06,0.00012721561896111844,True
-29.5,5.7121515303221566e-06,0.00012723730821417867,True
-29.5,6.6752276822850066e-06,0.00012725318548789666,True
-29.5,7.800679721784456e-06,0.00012726480424718467,True
-29.5,9.115884433926798e-06,0.00012727330241890655,True
-29.5,1.0652834365272401e-05,0.00012727951333291188,True
-29.5,1.244891604719963e-05,0.00012728404707607055,True
-29.5,1.4547819428736743e-05,0.00012728735013500803,True
-29.5,1.700060064094805e-05,0.0001272897490902647,True
-29.5,1.9866923944772957e-05,0.00012729148263179724,True
-29.5,2.3216513072880598e-05,0.00012729272499290012,True
-29.5,2.7130847269642384e-05,0.00012729360310881344,True
-29.5,3.170514328564207e-05,0.00012729420916335332,True
-29.5,3.705067153902942e-05,0.00012729460976301787,True
-29.5,4.329746278468033e-05,0.00012729485263107687,True
-29.5,5.0597471131285437e-05,0.00012729497148722402,True
-29.5,5.9128270347219716e-05,0.00012729498958752306,True
-29.5,6.909737336837289e-05,0.00012729492228613637,True
-29.5,8.074728008059909e-05,0.00012729477886552765,True
-29.5,9.436137616482962e-05,0.00012729456383420157,True
-29.5,0.00011027082649511832,0.0001272942778172137,True
-29.5,0.00012886263077253266,0.00012729391814458868,True
-29.5,0.00015058903734935916,0.00012729347920714673,True
-29.5,0.00017597854423627313,0.00012729295262747797,True
-29.5,0.0002056487548935761,0.00012729232727903828,True
-29.5,0.00024032140152549899,0.0001272915891837867,True
-29.5,0.00028083990132139714,0.0001272907212899188,True
-29.5,0.00032818987270196787,0.00012728970314679344,True
-29.5,0.0003835231106311733,0.00012728851047150158,True
-29.5,0.0004481856041968269,0.0001272871146064114,True
-29.5,0.0005237502779915854,0.0001272854818562541,True
-29.5,0.0006120552537332152,0.00012728357269375934,True
-29.5,0.0007152485628436249,0.00012728134081629872,True
-29.5,0.0008358403976266819,0.00012727873203455253,True
-29.5,0.0009767641720623372,0.00012727568296300174,True
-29.5,0.0011414478775297805,0.0001272721194851556,True
-29.5,0.0013338974691980096,0.00012726795495643373,True
-29.5,0.0015587943114699354,0.0001272630881007375,True
-29.5,0.0018216090528546738,0.00012725740054775336,True
-29.5,0.0021287347002908923,0.00012725075395658703,True
-29.5,0.0024876421299735775,0.0001272429866513436,True
-29.5,0.0029070618175077593,0.0001272339096886066,True
-29.5,0.003397196208001707,0.00012722330226067058,True
-29.5,0.003969967892033094,0.00012721090632394905,True
-29.5,0.00463930962440476,0.00012719642032021916,True
-29.5,0.005625,0.0002607031367551915,True
-29.5,0.006875,0.00017409397266898718,True
-29.5,0.00875,0.00043273589979775373,True
-29.5,0.01125,0.00026058138603068937,True
-29.5,0.01375,0.00017394517011593003,True
-29.5,0.0175,0.00043254646614121484,True
-29.5,0.0225,0.00026033784871748455,True
-29.5,0.027500000000000004,0.00017364752916482207,True
-29.5,0.0325,0.0001239030518204176,True
-29.5,0.0375,9.271248144082644e-05,True
-29.5,0.042499999999999996,7.18571060559503e-05,True
-29.5,0.0475,5.721367328614946e-05,True
-29.5,0.0525,4.652806913607588e-05,True
-29.5,0.057499999999999996,3.848331581712827e-05,True
-29.5,0.0625,3.226803105338405e-05,True
-29.5,0.0675,2.7360159292832975e-05,True
-29.5,0.07250000000000001,2.3411430306818914e-05,True
-29.5,0.07750000000000001,2.018228180555859e-05,True
-29.5,0.0825,1.7503539270324886e-05,True
-29.5,0.08750000000000001,1.5252978859514599e-05,True
-29.5,0.0925,1.3340515177762136e-05,True
-29.5,0.0975,1.1698568051388136e-05,True
-29.5,0.10250000000000001,1.0275637446377495e-05,True
-29.5,0.10750000000000001,9.03192104717565e-06,True
-29.5,0.1125,7.93626461947916e-06,True
-29.5,0.11750000000000001,6.964001245113316e-06,True
-29.5,0.1225,6.095395191807462e-06,True
-29.5,0.1275,5.314504507580864e-06,True
-29.5,0.1325,4.608338335487794e-06,True
-29.5,0.1375,3.966224801033036e-06,True
-29.5,0.14250000000000002,3.3793314092589455e-06,True
-29.5,0.14750000000000002,2.8402973014651778e-06,True
-29.5,0.1525,2.342948517086718e-06,True
-29.5,0.1575,1.8820755222082042e-06,True
-29.5,0.1625,1.4532579096782072e-06,True
-29.5,0.1675,1.0527251794734127e-06,True
-29.5,0.17250000000000001,6.77245357572076e-07,True
-29.5,0.17750000000000002,3.240352606237451e-07,True
-29.5,0.1825,9.312261739502503e-09,True
-29.5,0.1875,3.2488768830774006e-07,True
-29.5,0.1925,6.24513535774085e-07,True
-29.5,0.1975,9.097845422578743e-07,True
-29.5,0.2025,1.182100999086444e-06,True
-29.5,0.20750000000000002,1.4426965189162644e-06,True
-29.5,0.21250000000000002,1.6926612933509944e-06,True
-29.5,0.2175,1.9329616443020115e-06,True
-29.5,0.2225,2.164456540221238e-06,True
-29.5,0.2275,2.3879115935709905e-06,True
-29.5,0.2325,2.6040109789571275e-06,True
-29.5,0.23750000000000002,2.813367611098627e-06,True
-29.5,0.2425,3.016531869293182e-06,True
-29.5,0.2475,3.2139991005264434e-06,True
-29.5,0.2525,3.4062160929604346e-06,True
-29.5,0.2575,3.593586679340177e-06,True
-29.5,0.2625,3.776476597772138e-06,True
-29.5,0.2675,3.955217725004623e-06,True
-29.5,0.2725,4.1301117702507995e-06,True
-29.5,0.2775,4.3014335058266795e-06,True
-29.5,0.28250000000000003,4.469433603881967e-06,True
-29.5,0.28750000000000003,4.634341127962571e-06,True
-29.5,0.2925,4.7963657315852615e-06,True
-29.5,0.2975,4.955699597797292e-06,True
-29.5,0.3025,5.112519158356754e-06,True
-29.5,0.3075,5.266986617735725e-06,True
-29.5,0.3125,5.419251307037243e-06,True
-29.5,0.3175,5.56945089336125e-06,True
-29.5,0.3225,5.717712452724122e-06,True
-29.5,0.3275,5.864153435730657e-06,True
-29.5,0.3325,6.008882528329984e-06,True
-29.5,0.3375,6.15200042597408e-06,True
-29.5,0.3425,6.293600526507959e-06,True
-29.5,0.34750000000000003,6.433769557889768e-06,True
-29.5,0.35250000000000004,6.572588140296709e-06,True
-29.5,0.35750000000000004,6.710131295439847e-06,True
-29.5,0.3625,6.846468907417691e-06,True
-29.5,0.3675,6.981666137662046e-06,True
-29.5,0.3725,7.115783804856335e-06,True
-29.5,0.3775,7.248878725774066e-06,True
-29.5,0.3825,7.381004028639282e-06,True
-29.5,0.3875,7.512209435511785e-06,True
-29.5,0.3925,7.642541521690749e-06,True
-29.5,0.3975,7.772043952580798e-06,True
-29.5,0.4025,7.900757696521765e-06,True
-29.5,0.40750000000000003,8.028721225628033e-06,True
-29.5,0.41250000000000003,8.155970693757286e-06,True
-29.5,0.41750000000000004,8.282540102488856e-06,True
-29.5,0.4225,8.408461454001426e-06,True
-29.5,0.4275,8.533764889850914e-06,True
-29.5,0.4325,8.658478818812654e-06,True
-29.5,0.4375,8.782630036396899e-06,True
-29.5,0.4425,8.906243832262906e-06,True
-29.5,0.4475,9.029344091249225e-06,True
-29.5,0.4525,9.15195338574426e-06,True
-29.5,0.4575,9.27409306172855e-06,True
-29.5,0.4625,9.395783317600603e-06,True
-29.5,0.4675,9.517043277118553e-06,True
-29.5,0.47250000000000003,9.637891057512338e-06,True
-29.5,0.47750000000000004,9.75834383259988e-06,True
-29.5,0.48250000000000004,9.87841789118482e-06,True
-29.5,0.4875,9.99812869040273e-06,True
-29.5,0.4925,1.0117490907624038e-05,True
-29.5,0.4975,1.02365184855846e-05,True
-24.5,5e-10,2.860795755843526e-07,True
-24.5,1.084300648087722e-09,6.217962185139925e-07,True
-24.5,1.2671151427991833e-09,7.265952404189591e-07,True
-24.5,1.4807523982786558e-09,8.490416913975452e-07,True
-24.5,1.7304091719433345e-09,9.920979522348716e-07,True
-24.5,2.022158401246853e-09,1.1592181230479781e-06,True
-24.5,2.363096928769132e-09,1.35442632154259e-06,True
-24.5,2.7615181339478187e-09,1.5824054413471345e-06,True
-24.5,3.2271136707434075e-09,1.8485965129766413e-06,True
-24.5,3.771209218536234e-09,2.159307870064353e-06,True
-24.5,4.4070399809302176e-09,2.5218316672681595e-06,True
-24.5,5.150072634012047e-09,2.9445624862844966e-06,True
-24.5,6.018381555504162e-09,3.437108083703677e-06,True
-24.5,7.033088486640534e-09,4.010374726748367e-06,True
-24.5,8.218876321604705e-09,4.676597353592271e-06,True
-24.5,9.604589522532925e-09,5.449265516377366e-06,True
-24.5,1.1223935765265053e-08,6.3428661136732956e-06,True
-24.5,1.3116305883478639e-08,7.372318210130402e-06,True
-24.5,1.5327732056466708e-08,8.55190737492073e-06,True
-24.5,1.7912007548616885e-08,9.893429671725684e-06,True
-24.5,2.093199523841801e-08,1.1403123661324344e-05,True
-24.5,2.446115676715346e-08,1.3076806650413886e-05,True
-24.5,2.8585339504046212e-08,1.4892467941507448e-05,True
-24.5,3.340486479604349e-08,1.6799490759833446e-05,True
-24.5,3.903696829922185e-08,1.8703862223024004e-05,True
-24.5,4.561865175323028e-08,2.0449532829314165e-05,True
-24.5,5.331001556860105e-08,2.1798021061725237e-05,True
-24.5,6.229815329260023e-08,2.241194095597976e-05,True
-24.5,7.280170268706899e-08,2.1853269057015012e-05,True
-24.5,8.507616412388804e-08,1.9611956951104403e-05,True
-24.5,9.942011566881027e-08,1.5179991706748552e-05,True
-24.5,1.1618247603648405e-07,8.173207150852235e-06,True
-24.5,1.357709920891076e-07,1.5247143729801849e-06,True
-24.5,1.5866215733835693e-07,1.3652982095102573e-05,True
-24.5,1.854128027195958e-07,2.7563789712692355e-05,True
-24.5,2.1667364158564133e-07,4.2339096477883587e-05,True
-24.5,2.532050984040335e-07,5.6994731717496805e-05,True
-24.5,2.958958061931839e-07,7.068579180735668e-05,True
-24.5,3.4578422265023266e-07,8.283657823149326e-05,True
-24.5,4.040838907860794e-07,9.316949311966027e-05,True
-24.5,4.722129585362281e-07,0.00010165675603390767,True
-24.5,5.518286754162768e-07,0.00010843830126572307,True
-24.5,6.448677053582382e-07,0.00011374148328635592,True
-24.5,7.535932363433208e-07,0.00011782047706843102,True
-24.5,8.806500327798515e-07,0.00012091864901275784,True
-24.5,1.0291287697834797e-06,0.00012324966052967845,True
-24.5,1.2026412143004133e-06,0.00012499109903263417,True
-24.5,1.4054080818654717e-06,0.00012628525052837958,True
-24.5,1.6423617061234313e-06,0.00012724325676960468,True
-24.5,1.919266018564754e-06,0.00012795038899371391,True
-24.5,2.242856757000253e-06,0.0001284712368512242,True
-24.5,2.6210053133663435e-06,0.00012885427525488602,True
-24.5,3.062910206482632e-06,0.00012913564286720636,True
-24.5,3.579320837364593e-06,0.00012934215123361348,True
-24.5,4.182798969972031e-06,0.00012949362196401637,True
-24.5,4.8880242979506284e-06,0.00012960467137324017,True
-24.5,5.7121515303221566e-06,0.00012968605717089687,True
-24.5,6.6752276822850066e-06,0.000129745686201721,True
-24.5,7.800679721784456e-06,0.00012978936406105035,True
-24.5,9.115884433926798e-06,0.00012982135030936703,True
-24.5,1.0652834365272401e-05,0.0001298447684250359,True
-24.5,1.244891604719963e-05,0.00012986190782049434,True
-24.5,1.4547819428736743e-05,0.0001298744459716783,True
-24.5,1.700060064094805e-05,0.00012988361159393946,True
-24.5,1.9866923944772957e-05,0.00012989030440846427,True
-24.5,2.3216513072880598e-05,0.00012989518298023306,True
-24.5,2.7130847269642384e-05,0.0001298987291111775,True
-24.5,3.170514328564207e-05,0.0001299012950242151,True
-24.5,3.705067153902942e-05,0.00012990313791871877,True
-24.5,4.329746278468033e-05,0.00012990444527205547,True
-24.5,5.0597471131285437e-05,0.00012990535335088982,True
-24.5,5.9128270347219716e-05,0.00012990596074491378,True
-24.5,6.909737336837289e-05,0.00012990633824960796,True
-24.5,8.074728008059909e-05,0.0001299065360712559,True
-24.5,9.436137616482962e-05,0.00012990658906275598,True
-24.5,0.00011027082649511832,0.00012990652051048102,True
-24.5,0.00012886263077253266,0.00012990634485576802,True
-24.5,0.00015058903734935916,0.00012990606962137718,True
-24.5,0.00017597854423627313,0.00012990569675030983,True
-24.5,0.0002056487548935761,0.0001299052234968734,True
-24.5,0.00024032140152549899,0.0001299046429811268,True
-24.5,0.00028083990132139714,0.0001299039444730976,True
-24.5,0.00032818987270196787,0.00012990311346494643,True
-24.5,0.0003835231106311733,0.00012990213156094388,True
-24.5,0.0004481856041968269,0.0001299009762073533,True
-24.5,0.0005237502779915854,0.00012989962027465385,True
-24.5,0.0006120552537332152,0.00012989803149343615,True
-24.5,0.0007152485628436249,0.00012989617173853052,True
-24.5,0.0008358403976266819,0.00012989399615337405,True
-24.5,0.0009767641720623372,0.00012989145209496566,True
-24.5,0.0011414478775297805,0.00012988847788308888,True
-24.5,0.0013338974691980096,0.00012988500131683178,True
-24.5,0.0015587943114699354,0.00012988093793597777,True
-24.5,0.0018216090528546738,0.0001298761889737543,True
-24.5,0.0021287347002908923,0.0001298706389644133,True
-24.5,0.0024876421299735775,0.00012986415293836373,True
-24.5,0.0029070618175077593,0.00012985657314268373,True
-24.5,0.003397196208001707,0.00012984771520518912,True
-24.5,0.003969967892033094,0.00012983736365224097,True
-24.5,0.00463930962440476,0.00012982526666482919,True
-24.5,0.005625,0.00026607566221770185,True
-24.5,0.006875,0.0001776941873435911,True
-24.5,0.00875,0.0004416512925882188,True
-24.5,0.01125,0.0002659739878507761,True
-24.5,0.01375,0.00017756992235862246,True
-24.5,0.0175,0.00044149308906271667,True
-24.5,0.0225,0.0002657706032310747,True
-24.5,0.027500000000000004,0.0001773213567223264,True
-24.5,0.0325,0.00012657612689237485,True
-24.5,0.0375,9.476555319332114e-05,True
-24.5,0.042499999999999996,7.35022654998474e-05,True
-24.5,0.0475,5.857839718292901e-05,True
-24.5,0.0525,4.7693577035046175e-05,True
-24.5,0.057499999999999996,3.950380125028463e-05,True
-24.5,0.0625,3.3181036983020995e-05,True
-24.5,0.0675,2.8192515454716904e-05,True
-24.5,0.07250000000000001,2.4182819499452002e-05,True
-24.5,0.07750000000000001,2.0907470712483445e-05,True
-24.5,0.0825,1.8193822904022383e-05,True
-24.5,0.08750000000000001,1.591714404813871e-05,True
-24.5,0.0925,1.3985500085023084e-05,True
-24.5,0.0975,1.2329924012677296e-05,True
-24.5,0.10250000000000001,1.0897858952363393e-05,True
-24.5,0.10750000000000001,9.648685795560219e-06,True
-24.5,0.1125,8.550610984703333e-06,True
-24.5,0.11750000000000001,7.578461404977865e-06,True
-24.5,0.1225,6.712096323857608e-06,True
-24.5,0.1275,5.935246639610092e-06,True
-24.5,0.1325,5.234654906982605e-06,True
-24.5,0.1375,4.599430252105741e-06,True
-24.5,0.14250000000000002,4.020558925454942e-06,True
-24.5,0.14750000000000002,3.490529014715804e-06,True
-24.5,0.1525,3.003039862448098e-06,True
-24.5,0.1575,2.552775027919729e-06,True
-24.5,0.1625,2.135223391430685e-06,True
-24.5,0.1675,1.746537078961552e-06,True
-24.5,0.17250000000000001,1.3834177912119827e-06,True
-24.5,0.17750000000000002,1.0430252308513133e-06,True
-24.5,0.1825,7.229028503585866e-07,True
-24.5,0.1875,4.2091727037174564e-07,True
-24.5,0.1925,1.3520857577997702e-07,True
-24.5,0.1975,1.3585069957855467e-07,True
-24.5,0.2025,3.9368958093533024e-07,True
-24.5,0.20750000000000002,6.39566997473473e-07,True
-24.5,0.21250000000000002,8.74595512567744e-07,True
-24.5,0.2175,1.0997612787111422e-06,True
-24.5,0.2225,1.3159408895901947e-06,True
-24.5,0.2275,1.523915670986753e-06,True
-24.5,0.2325,1.7243838366098885e-06,True
-24.5,0.23750000000000002,1.9179708795613593e-06,True
-24.5,0.2425,2.1052384731046203e-06,True
-24.5,0.2475,2.2866921293163145e-06,True
-24.5,0.2525,2.462787805246336e-06,True
-24.5,0.2575,2.6339376208994736e-06,True
-24.5,0.2625,2.800514819822908e-06,True
-24.5,0.2675,2.962858089095022e-06,True
-24.5,0.2725,3.121275328976658e-06,True
-24.5,0.2775,3.276046951272704e-06,True
-24.5,0.28250000000000003,3.4274287712410256e-06,True
-24.5,0.28750000000000003,3.5756545544440854e-06,True
-24.5,0.2925,3.7209382555136727e-06,True
-24.5,0.2975,3.863476002008426e-06,True
-24.5,0.3025,4.003447846234742e-06,True
-24.5,0.3075,4.141019320558215e-06,True
-24.5,0.3125,4.2763428217407196e-06,True
-24.5,0.3175,4.409558841067529e-06,True
-24.5,0.3225,4.540797062468904e-06,True
-24.5,0.3275,4.670177347065874e-06,True
-24.5,0.3325,4.797810611245623e-06,True
-24.5,0.3375,4.923799616141089e-06,True
-24.5,0.3425,5.048239677285515e-06,True
-24.5,0.34750000000000003,5.171219301547403e-06,True
-24.5,0.35250000000000004,5.2928207635583036e-06,True
-24.5,0.35750000000000004,5.413120625408219e-06,True
-24.5,0.3625,5.5321902042715365e-06,True
-24.5,0.3675,5.6500959997318745e-06,True
-24.5,0.3725,5.766900077919246e-06,True
-24.5,0.3775,5.882660421563379e-06,True
-24.5,0.3825,5.997431249071816e-06,True
-24.5,0.3875,6.111263303187897e-06,True
-24.5,0.3925,6.224204115112819e-06,True
-24.5,0.3975,6.336298245757099e-06,True
-24.5,0.4025,6.447587504954111e-06,True
-24.5,0.40750000000000003,6.558111153631696e-06,True
-24.5,0.41250000000000003,6.667906087498565e-06,True
-24.5,0.41750000000000004,6.777007006575353e-06,True
-24.5,0.4225,6.885446569238063e-06,True
-24.5,0.4275,6.993255535880927e-06,True
-24.5,0.4325,7.100462898035342e-06,True
-24.5,0.4375,7.207096000994007e-06,True
-24.5,0.4425,7.31318065350095e-06,True
-24.5,0.4475,7.418741230891257e-06,True
-24.5,0.4525,7.52380076846082e-06,True
-24.5,0.4575,7.628381050228672e-06,True
-24.5,0.4625,7.732502688984066e-06,True
-24.5,0.4675,7.836185200893464e-06,True
-24.5,0.47250000000000003,7.939447075167028e-06,True
-24.5,0.47750000000000004,8.042305838174002e-06,True
-24.5,0.48250000000000004,8.144778112784135e-06,True
-24.5,0.4875,8.246879673490248e-06,True
-24.5,0.4925,8.348625498588724e-06,True
-24.5,0.4975,8.450029817141935e-06,True
-19.5,5e-10,1.425016722400585e-07,True
-19.5,1.084300648087722e-09,3.0924006222399214e-07,True
-19.5,1.2671151427991833e-09,3.6137305881034365e-07,True
-19.5,1.4807523982786558e-09,4.222926015540196e-07,True
-19.5,1.7304091719433345e-09,4.934782380505709e-07,True
-19.5,2.022158401246853e-09,5.766578552446333e-07,True
-19.5,2.363096928769132e-09,6.73848882248862e-07,True
-19.5,2.7615181339478187e-09,7.874060445889342e-07,True
-19.5,3.2271136707434075e-09,9.200765447303638e-07,True
-19.5,3.771209218536234e-09,1.0750635295320166e-06,True
-19.5,4.4070399809302176e-09,1.2560986568654897e-06,True
-19.5,5.150072634012047e-09,1.4675243387163306e-06,True
-19.5,6.018381555504162e-09,1.7143857655721462e-06,True
-19.5,7.033088486640534e-09,2.002531954037323e-06,True
-19.5,8.218876321604705e-09,2.3387234970861925e-06,True
-19.5,9.604589522532925e-09,2.7307420629174572e-06,True
-19.5,1.1223935765265053e-08,3.1874923003272215e-06,True
-19.5,1.3116305883478639e-08,3.7190796831065853e-06,True
-19.5,1.5327732056466708e-08,4.336836381790832e-06,True
-19.5,1.7912007548616885e-08,5.053249169773011e-06,True
-19.5,2.093199523841801e-08,5.881715221089934e-06,True
-19.5,2.446115676715346e-08,6.8360087115415524e-06,True
-19.5,2.8585339504046212e-08,7.929277099583132e-06,True
-19.5,3.340486479604349e-08,9.172293900405748e-06,True
-19.5,3.903696829922185e-08,1.0570569277668085e-05,True
-19.5,4.561865175323028e-08,1.2119763626250446e-05,True
-19.5,5.331001556860105e-08,1.3798687734434267e-05,True
-19.5,6.229815329260023e-08,1.555908136929851e-05,True
-19.5,7.280170268706899e-08,1.7311511127715562e-05,True
-19.5,8.507616412388804e-08,1.8907440565429923e-05,True
-19.5,9.942011566881027e-08,2.011929599232687e-05,True
-19.5,1.1618247603648405e-07,2.0623704750422078e-05,True
-19.5,1.357709920891076e-07,1.9998030177381665e-05,True
-19.5,1.5866215733835693e-07,1.7745230920018784e-05,True
-19.5,1.854128027195958e-07,1.336236960258752e-05,True
-19.5,2.1667364158564133e-07,6.456904886764647e-06,True
-19.5,2.532050984040335e-07,3.1113632852353135e-06,True
-19.5,2.958958061931839e-07,1.511648316965264e-05,True
-19.5,3.4578422265023266e-07,2.8945591708184892e-05,True
-19.5,4.040838907860794e-07,4.370360435013154e-05,True
-19.5,4.722129585362281e-07,5.8410667600483634e-05,True
-19.5,5.518286754162768e-07,7.220937528651383e-05,True
-19.5,6.448677053582382e-07,8.450243678259639e-05,True
-19.5,7.535932363433208e-07,9.499003824409158e-05,True
-19.5,8.806500327798515e-07,0.00010362705705380115,True
-19.5,1.0291287697834797e-06,0.00011054274604682668,True
-19.5,1.2026412143004133e-06,0.00011595968752264874,True
-19.5,1.4054080818654717e-06,0.00012013142332434334,True
-19.5,1.6423617061234313e-06,0.00012330306273522496,True
-19.5,1.919266018564754e-06,0.0001256910633740116,True
-19.5,2.242856757000253e-06,0.00012747603337559532,True
-19.5,2.6210053133663435e-06,0.0001288030633366244,True
-19.5,3.062910206482632e-06,0.00012978569709165555,True
-19.5,3.579320837364593e-06,0.00013051116453488554,True
-19.5,4.182798969972031e-06,0.00013104560197740867,True
-19.5,4.8880242979506284e-06,0.00013143867932741138,True
-19.5,5.7121515303221566e-06,0.00013172744463774144,True
-19.5,6.6752276822850066e-06,0.00013193939411015876,True
-19.5,7.800679721784456e-06,0.00013209486086696032,True
-19.5,9.115884433926798e-06,0.00013220884126163845,True
-19.5,1.0652834365272401e-05,0.00013229237421308326,True
-19.5,1.244891604719963e-05,0.0001323535740211934,True
-19.5,1.4547819428736743e-05,0.00013239839897072336,True
-19.5,1.700060064094805e-05,0.00013243122079154013,True
-19.5,1.9866923944772957e-05,0.00013245524522931262,True
-19.5,2.3216513072880598e-05,0.000132472821929408,True
-19.5,2.7130847269642384e-05,0.00013248567237855724,True
-19.5,3.170514328564207e-05,0.00013249505736445677,True
-19.5,3.705067153902942e-05,0.00013250189988545102,True
-19.5,4.329746278468033e-05,0.00013250687529686722,True
-19.5,5.0597471131285437e-05,0.00013251047738971344,True
-19.5,5.9128270347219716e-05,0.00013251306680550634,True
-19.5,6.909737336837289e-05,0.00013251490648535924,True
-19.5,8.074728008059909e-05,0.000132516187614784,True
-19.5,9.436137616482962e-05,0.00013251704859529312,True
-19.5,0.00011027082649511832,0.00013251758890187038,True
-19.5,0.00012886263077253266,0.00013251787918544533,True
-19.5,0.00015058903734935916,0.00013251796861990517,True
-19.5,0.00017597854423627313,0.00013251789021817562,True
-19.5,0.0002056487548935761,0.00013251766465582904,True
-19.5,0.00024032140152549899,0.000132517302981916,True
-19.5,0.00028083990132139714,0.00013251680850745462,True
-19.5,0.00032818987270196787,0.00013251617807119587,True
-19.5,0.0003835231106311733,0.00013251540283065744,True
-19.5,0.0004481856041968269,0.00013251446868234318,True
-19.5,0.0005237502779915854,0.00013251335638408968,True
-19.5,0.0006120552537332152,0.00013251204142783468,True
-19.5,0.0007152485628436249,0.0001325104936940047,True
-19.5,0.0008358403976266819,0.000132508676899179,True
-19.5,0.0009767641720623372,0.00013250654784990878,True
-19.5,0.0011414478775297805,0.00013250405548803634,True
-19.5,0.0013338974691980096,0.00013250113972074207,True
-19.5,0.0015587943114699354,0.00013249773001167142,True
-19.5,0.0018216090528546738,0.00013249374370283284,True
-19.5,0.0021287347002908923,0.00013248908403085125,True
-19.5,0.0024876421299735775,0.0001324836377957217,True
-19.5,0.0029070618175077593,0.0001324772726182255,True
-19.5,0.003397196208001707,0.00013246983373293997,True
-19.5,0.003969967892033094,0.00013246114022757993,True
-19.5,0.00463930962440476,0.0001324509806479579,True
-19.5,0.005625,0.0002714443898096386,True
-19.5,0.006875,0.00018128976072828706,True
-19.5,0.00875,0.000450560778251341,True
-19.5,0.01125,0.00027135899522767737,True
-19.5,0.01375,0.00018118539264355693,True
-19.5,0.0175,0.0004504278985570931,True
-19.5,0.0225,0.0002711881691693785,True
-19.5,0.027500000000000004,0.00018097662050620134,True
-19.5,0.0325,0.00012922726297781573,True
-19.5,0.0375,9.67933107418606e-05,True
-19.5,0.042499999999999996,7.511873551979686e-05,True
-19.5,0.0475,5.991105643510242e-05,True
-19.5,0.0525,4.8823645067641586e-05,True
-19.5,0.057499999999999996,4.048547159507532e-05,True
-19.5,0.0625,3.4051852602523525e-05,True
-19.5,0.0675,2.8979306083809497e-05,True
-19.5,0.07250000000000001,2.49052679369699e-05,True
-19.5,0.07750000000000001,2.1580343641858235e-05,True
-19.5,0.0825,1.8828415337956983e-05,True
-19.5,0.08750000000000001,1.6522242814565047e-05,True
-19.5,0.0925,1.4568043348206494e-05,True
-19.5,0.0975,1.2895463107454042e-05,True
-19.5,0.10250000000000001,1.145088836884689e-05,True
-19.5,0.10750000000000001,1.0192883232118533e-05,True
-19.5,0.1125,9.089014815111263e-06,True
-19.5,0.11750000000000001,8.113603807924363e-06,True
-19.5,0.1225,7.246104475999715e-06,True
-19.5,0.1275,6.469920569407428e-06,True
-19.5,0.1325,5.771528053921671e-06,True
-19.5,0.1375,5.139817055743734e-06,True
-19.5,0.14250000000000002,4.565592572003396e-06,True
-19.5,0.14750000000000002,4.041191635884012e-06,True
-19.5,0.1525,3.560186892515027e-06,True
-19.5,0.1575,3.117154995790905e-06,True
-19.5,0.1625,2.7074941134630492e-06,True
-19.5,0.1675,2.32727899573959e-06,True
-19.5,0.17250000000000001,1.9731450197069123e-06,True
-19.5,0.17750000000000002,1.6421947736100506e-06,True
-19.5,0.1825,1.3319223116647905e-06,True
-19.5,0.1875,1.0401513566016263e-06,True
-19.5,0.1925,7.649845915613795e-07,True
-19.5,0.1975,5.047618248932295e-07,True
-19.5,0.2025,2.580252960182605e-07,True
-19.5,0.20750000000000002,2.3490759892830226e-08,True
-19.5,0.21250000000000002,1.9997671807381323e-07,True
-19.5,0.2175,4.1338312106731223e-07,True
-19.5,0.2225,6.176226705623122e-07,True
-19.5,0.2275,8.134924022185075e-07,True
-19.5,0.2325,1.0017045711796513e-06,True
-19.5,0.23750000000000002,1.1828972473759691e-06,True
-19.5,0.2425,1.3576433987028125e-06,True
-19.5,0.2475,1.5264587028829268e-06,True
-19.5,0.2525,1.6898082854099883e-06,True
-19.5,0.2575,1.848112552771397e-06,True
-19.5,0.2625,2.0017522546211808e-06,True
-19.5,0.2675,2.151072888478822e-06,True
-19.5,0.2725,2.2963885462079503e-06,True
-19.5,0.2775,2.437985277548016e-06,True
-19.5,0.28250000000000003,2.576124042863448e-06,True
-19.5,0.28750000000000003,2.7110433074017948e-06,True
-19.5,0.2925,2.8429613289082667e-06,True
-19.5,0.2975,2.9720781781206185e-06,True
-19.5,0.3025,3.098577528448665e-06,True
-19.5,0.3075,3.2226282410396934e-06,True
-19.5,0.3125,3.3443857763160167e-06,True
-19.5,0.3175,3.463993451191527e-06,True
-19.5,0.3225,3.581583557621393e-06,True
-19.5,0.3275,3.6972783665767395e-06,True
-19.5,0.3325,3.8111910248828096e-06,True
-19.5,0.3375,3.923426360130655e-06,True
-19.5,0.3425,4.0340816044315275e-06,True
-19.5,0.34750000000000003,4.143247044341436e-06,True
-19.5,0.35250000000000004,4.251006609390373e-06,True
-19.5,0.35750000000000004,4.357438400437452e-06,True
-19.5,0.3625,4.462615169176232e-06,True
-19.5,0.3675,4.566604752120895e-06,True
-19.5,0.3725,4.66947046395827e-06,True
-19.5,0.3775,4.771271453374304e-06,True
-19.5,0.3825,4.872063028682483e-06,True
-19.5,0.3875,4.971896953143151e-06,True
-19.5,0.3925,5.0708217136374856e-06,True
-19.5,0.3975,5.168882766581895e-06,True
-19.5,0.4025,5.266122763747383e-06,True
-19.5,0.40750000000000003,5.362581754875251e-06,True
-19.5,0.41250000000000003,5.458297377747279e-06,True
-19.5,0.41750000000000004,5.5533050298262054e-06,True
-19.5,0.4225,5.6476380265735315e-06,True
-19.5,0.4275,5.741327746333624e-06,True
-19.5,0.4325,5.834403764781726e-06,True
-19.5,0.4375,5.926893975938263e-06,True
-19.5,0.4425,6.018824708520221e-06,True
-19.5,0.4475,6.110220826860413e-06,True
-19.5,0.4525,6.201105830161424e-06,True
-19.5,0.4575,6.291501940702826e-06,True
-19.5,0.4625,6.381430185220527e-06,True
-19.5,0.4675,6.470910472677893e-06,True
-19.5,0.47250000000000003,6.559961663876734e-06,True
-19.5,0.47750000000000004,6.6486016376821055e-06,True
-19.5,0.48250000000000004,6.73684735141844e-06,True
-19.5,0.4875,6.8247148964362125e-06,True
-19.5,0.4925,6.912219552290821e-06,True
-19.5,0.4975,6.999375834593202e-06,True
-14.5,5e-10,7.275681501717202e-08,True
-14.5,1.084300648087722e-09,1.5781458451158414e-07,True
-14.5,1.2671151427991833e-09,1.844215071766797e-07,True
-14.5,1.4807523982786558e-09,2.1551390272378512e-07,True
-14.5,1.7304091719433345e-09,2.5184773533304394e-07,True
-14.5,2.022158401246853e-09,2.9430625381188236e-07,True
-14.5,2.363096928769132e-09,3.43921346068754e-07,True
-14.5,2.7615181339478187e-09,4.0189843519833346e-07,True
-14.5,3.2271136707434075e-09,4.69645473621938e-07,True
-14.5,3.771209218536234e-09,5.488066718850604e-07,True
-14.5,4.4070399809302176e-09,6.413016597761612e-07,True
-14.5,5.150072634012047e-09,7.493708507055885e-07,True
-14.5,6.018381555504162e-09,8.756278213617463e-07,True
-14.5,7.033088486640534e-09,1.023119502008285e-06,True
-14.5,8.218876321604705e-09,1.1953948995113706e-06,True
-14.5,9.604589522532925e-09,1.3965828193907015e-06,True
-14.5,1.1223935765265053e-08,1.6314785826754274e-06,True
-14.5,1.3116305883478639e-08,1.9056388118610101e-06,True
-14.5,1.5327732056466708e-08,2.225481777529126e-06,True
-14.5,1.7912007548616885e-08,2.5983881091207195e-06,True
-14.5,2.093199523841801e-08,3.03279222357844e-06,True
-14.5,2.446115676715346e-08,3.538247595358257e-06,True
-14.5,2.8585339504046212e-08,4.125437435220647e-06,True
-14.5,3.340486479604349e-08,4.80608408293115e-06,True
-14.5,3.903696829922185e-08,5.592682069677224e-06,True
-14.5,4.561865175323028e-08,6.497936590355025e-06,True
-14.5,5.331001556860105e-08,7.533724859287716e-06,True
-14.5,6.229815329260023e-08,8.709305715504101e-06,True
-14.5,7.280170268706899e-08,1.0028377870785476e-05,True
-14.5,8.507616412388804e-08,1.1484433039221642e-05,True
-14.5,9.942011566881027e-08,1.3053693807441036e-05,True
-14.5,1.1618247603648405e-07,1.4684845991430606e-05,True
-14.5,1.357709920891076e-07,1.6284947162992225e-05,True
-14.5,1.5866215733835693e-07,1.7701645008916245e-05,True
-14.5,1.854128027195958e-07,1.8703667060693263e-05,True
-14.5,2.1667364158564133e-07,1.896495382447405e-05,True
-14.5,2.532050984040335e-07,1.806274971682953e-05,True
-14.5,2.958958061931839e-07,1.5504680381139835e-05,True
-14.5,3.4578422265023266e-07,1.0799635948632869e-05,True
-14.5,4.040838907860794e-07,3.575323152205101e-06,True
-14.5,4.722129585362281e-07,6.281403057473156e-06,True
-14.5,5.518286754162768e-07,1.8516245120059338e-05,True
-14.5,6.448677053582382e-07,3.2494834202978495e-05,True
-14.5,7.535932363433208e-07,4.7314396650399715e-05,True
-14.5,8.806500327798515e-07,6.200314842952359e-05,True
-14.5,1.0291287697834797e-06,7.572351932361165e-05,True
-14.5,1.2026412143004133e-06,8.790257293256332e-05,True
-14.5,1.4054080818654717e-06,9.826271096025074e-05,True
-14.5,1.6423617061234313e-06,0.00010677514976631386,True
-14.5,1.919266018564754e-06,0.0001135788883468436,True
-14.5,2.242856757000253e-06,0.00011890081121190832,True
-14.5,2.6210053133663435e-06,0.00012299508619340038,True
-14.5,3.062910206482632e-06,0.00012610538326285337,True
-14.5,3.579320837364593e-06,0.0001284458179107162,True
-14.5,4.182798969972031e-06,0.00013019446603745877,True
-14.5,4.8880242979506284e-06,0.00013149406935264452,True
-14.5,5.7121515303221566e-06,0.00013245616210477706,True
-14.5,6.6752276822850066e-06,0.0001331663371002545,True
-14.5,7.800679721784456e-06,0.00013368943885194717,True
-14.5,9.115884433926798e-06,0.00013407413970312199,True
-14.5,1.0652834365272401e-05,0.00013435672881390026,True
-14.5,1.244891604719963e-05,0.0001345641311303325,True
-14.5,1.4547819428736743e-05,0.0001347162529754531,True
-14.5,1.700060064094805e-05,0.0001348277735278014,True
-14.5,1.9866923944772957e-05,0.00013490949688765852,True
-14.5,2.3216513072880598e-05,0.0001349693639580707,True
-14.5,2.7130847269642384e-05,0.00013501320519382354,True
-14.5,3.170514328564207e-05,0.00013504529817165434,True
-14.5,3.705067153902942e-05,0.0001350687792902594,True
-14.5,4.329746278468033e-05,0.0001350859470776733,True
-14.5,5.0597471131285437e-05,0.0001350984852643844,True
-14.5,5.9128270347219716e-05,0.00013510762664825648,True
-14.5,6.909737336837289e-05,0.00013511427335166637,True
-14.5,8.074728008059909e-05,0.00013511908501140368,True
-14.5,9.436137616482962e-05,0.00013512254340763974,True
-14.5,0.00011027082649511832,0.0001351249998068349,True
-14.5,0.00012886263077253266,0.000135126709605915,True
-14.5,0.00015058903734935916,0.00013512785767688662,True
-14.5,0.00017597854423627313,0.00013512857687392188,True
-14.5,0.0002056487548935761,0.00013512896153067278,True
-14.5,0.00024032140152549899,0.00013512907727264434,True
-14.5,0.00028083990132139714,0.00013512896812029052,True
-14.5,0.00032818987270196787,0.00013512866159182124,True
-14.5,0.0003835231106311733,0.00013512817232641527,True
-14.5,0.0004481856041968269,0.00013512750460187295,True
-14.5,0.0005237502779915854,0.00013512665402348745,True
-14.5,0.0006120552537332152,0.00013512560857620315,True
-14.5,0.0007152485628436249,0.0001351243491819476,True
-14.5,0.0008358403976266819,0.00013512284985672807,True
-14.5,0.0009767641720623372,0.00013512107753488323,True
-14.5,0.0011414478775297805,0.00013511899159757146,True
-14.5,0.0013338974691980096,0.0001351165431273671,True
-14.5,0.0015587943114699354,0.00013511367390073303,True
-14.5,0.0018216090528546738,0.00013511031509783056,True
-14.5,0.0021287347002908923,0.00013510638572689082,True
-14.5,0.0024876421299735775,0.00013510179072229178,True
-14.5,0.0029070618175077593,0.00013509641868392208,True
-14.5,0.003397196208001707,0.00013509013920298685,True
-14.5,0.003969967892033094,0.00013508279971607973,True
-14.5,0.00463930962440476,0.00013507422181213702,True
-14.5,0.005625,0.00027681011920099863,True
-14.5,0.006875,0.00018488167147323598,True
-14.5,0.00875,0.00045946560226828304,True
-14.5,0.01125,0.00027673801050298596,True
-14.5,0.01375,0.00018479353970757284,True
-14.5,0.0175,0.0004593533875455469,True
-14.5,0.0225,0.00027659375196753544,True
-14.5,0.027500000000000004,0.000184617238350282,True
-14.5,0.0325,0.00013186109027674142,True
-14.5,0.0375,9.880109663973347e-05,True
-14.5,0.042499999999999996,7.671257101748985e-05,True
-14.5,0.0475,6.12184182902098e-05,True
-14.5,0.0525,4.9925752826363023e-05,True
-14.5,0.057499999999999996,4.143651878862897e-05,True
-14.5,0.0625,3.488938219220472e-05,True
-14.5,0.0675,2.973014780427441e-05,True
-14.5,0.07250000000000001,2.55891045867207e-05,True
-14.5,0.07750000000000001,2.2211941904215493e-05,True
-14.5,0.0825,1.9419070225290547e-05,True
-14.5,0.08750000000000001,1.7080741154806844e-05,True
-14.5,0.0925,1.5101323305288794e-05,True
-14.5,0.0975,1.3409076016546173e-05,True
-14.5,0.10250000000000001,1.194932872061738e-05,True
-14.5,0.10750000000000001,1.0679828723825224e-05,True
-14.5,0.1125,9.567503820973045e-06,True
-14.5,0.11750000000000001,8.586168506519165e-06,True
-14.5,0.1225,7.714872044428667e-06,True
-14.5,0.1275,6.9366910354640154e-06,True
-14.5,0.1325,6.237834857425462e-06,True
-14.5,0.1375,5.6069746361409045e-06,True
-14.5,0.14250000000000002,5.03473411506139e-06,True
-14.5,0.14750000000000002,4.5132992737562105e-06,True
-14.5,0.1525,4.036116059813466e-06,True
-14.5,0.1575,3.5976542207549755e-06,True
-14.5,0.1625,3.1932212123386705e-06,True
-14.5,0.1675,2.8188144097773815e-06,True
-14.5,0.17250000000000001,2.4710028655450245e-06,True
-14.5,0.17750000000000002,2.1468320537954e-06,True
-14.5,0.1825,1.8437466308141026e-06,True
-14.5,0.1875,1.5595274200919107e-06,True
-14.5,0.1925,1.2922397049086598e-06,True
-14.5,0.1975,1.0401905672363654e-06,True
-14.5,0.2025,8.018935105935654e-07,True
-14.5,0.20750000000000002,5.760389755193884e-07,True
-14.5,0.21250000000000002,3.6146965409766807e-07,True
-14.5,0.2175,1.5715973400443062e-07,True
-14.5,0.2225,3.780263357899827e-08,True
-14.5,0.2275,2.2423019585549042e-07,True
-14.5,0.2325,4.0284924762712393e-07,True
-14.5,0.23750000000000002,5.743104368738372e-07,True
-14.5,0.2425,7.39198026455945e-07,True
-14.5,0.2475,8.980378582990056e-07,True
-14.5,0.2525,1.0513042272286555e-06,True
-14.5,0.2575,1.1994258268810398e-06,True
-14.5,0.2625,1.3427909116847658e-06,True
-14.5,0.2675,1.4817517899334831e-06,True
-14.5,0.2725,1.6166287449825845e-06,True
-14.5,0.2775,1.7477134659493743e-06,True
-14.5,0.28250000000000003,1.8752720563064429e-06,True
-14.5,0.28750000000000003,1.999547682318692e-06,True
-14.5,0.2925,2.120762904178619e-06,True
-14.5,0.2975,2.239121736580252e-06,True
-14.5,0.3025,2.3548114728155767e-06,True
-14.5,0.3075,2.4680043035907318e-06,True
-14.5,0.3125,2.5788587534325558e-06,True
-14.5,0.3175,2.6875209637733377e-06,True
-14.5,0.3225,2.794125835259287e-06,True
-14.5,0.3275,2.8987980488226484e-06,True
-14.5,0.3325,3.0016529815046766e-06,True
-14.5,0.3375,3.1027975273545394e-06,True
-14.5,0.3425,3.2023308347284285e-06,True
-14.5,0.34750000000000003,3.3003449705359955e-06,True
-14.5,0.35250000000000004,3.396925518206473e-06,True
-14.5,0.35750000000000004,3.492152118589331e-06,True
-14.5,0.3625,3.5860989572311652e-06,True
-14.5,0.3675,3.678835208242859e-06,True
-14.5,0.3725,3.7704254338688514e-06,True
-14.5,0.3775,3.860929948862335e-06,True
-14.5,0.3825,3.950405152108871e-06,True
-14.5,0.3875,4.038903826719675e-06,True
-14.5,0.3925,4.1264754155889705e-06,True
-14.5,0.3975,4.21316627174928e-06,True
-14.5,0.4025,4.299019886744304e-06,True
-14.5,0.40750000000000003,4.3840771005720924e-06,True
-14.5,0.41250000000000003,4.4683762921993164e-06,True
-14.5,0.41750000000000004,4.551953557641042e-06,True
-14.5,0.4225,4.634842868944666e-06,True
-14.5,0.4275,4.7170762224046925e-06,True
-14.5,0.4325,4.798683776896517e-06,True
-14.5,0.4375,4.879693977000166e-06,True
-14.5,0.4425,4.960133669240641e-06,True
-14.5,0.4475,5.040028208780356e-06,True
-14.5,0.4525,5.1194015582289865e-06,True
-14.5,0.4575,5.198276377349487e-06,True
-14.5,0.4625,5.2766741079901536e-06,True
-14.5,0.4675,5.3546150513561486e-06,True
-14.5,0.47250000000000003,5.43211843950786e-06,True
-14.5,0.47750000000000004,5.509202504527799e-06,True
-14.5,0.48250000000000004,5.585884537362418e-06,True
-14.5,0.4875,5.6621809469969975e-06,True
-14.5,0.4925,5.7381073140794214e-06,True
-14.5,0.4975,5.813678439992032e-06,True
-9.5,5e-10,3.8052540896060805e-08,True
-9.5,1.084300648087722e-09,8.252669014829905e-08,True
-9.5,1.2671151427991833e-09,9.644065990244144e-08,True
-9.5,1.4807523982786558e-09,1.1270046118561083e-07,True
-9.5,1.7304091719433345e-09,1.3170155588326793e-07,True
-9.5,2.022158401246853e-09,1.5390605168086324e-07,True
-9.5,2.363096928769132e-09,1.798539221997686e-07,True
-9.5,2.7615181339478187e-09,2.1017610718487845e-07,True
-9.5,3.2271136707434075e-09,2.4560980604881877e-07,True
-9.5,3.771209218536234e-09,2.870163227086664e-07,True
-9.5,4.4070399809302176e-09,3.3540187760472406e-07,True
-9.5,5.150072634012047e-09,3.919418631870286e-07,True
-9.5,6.018381555504162e-09,4.58009077553001e-07,True
-9.5,7.033088486640534e-09,5.352065566288644e-07,True
-9.5,8.218876321604705e-09,6.254056617027715e-07,True
-9.5,9.604589522532925e-09,7.30790162606354e-07,True
-9.5,1.1223935765265053e-08,8.539070581736752e-07,True
-9.5,1.3116305883478639e-08,9.977248685011375e-07,True
-9.5,1.5327732056466708e-08,1.1656999956421998e-06,True
-9.5,1.7912007548616885e-08,1.3618514809188298e-06,True
-9.5,2.093199523841801e-08,1.5908439066070201e-06,True
-9.5,2.446115676715346e-08,1.8580771834475485e-06,True
-9.5,2.8585339504046212e-08,2.1697801957376583e-06,True
-9.5,3.340486479604349e-08,2.533102314794533e-06,True
-9.5,3.903696829922185e-08,2.9561919323572994e-06,True
-9.5,4.561865175323028e-08,3.4482432789140205e-06,True
-9.5,5.331001556860105e-08,4.019480270844866e-06,True
-9.5,6.229815329260023e-08,4.68102637363188e-06,True
-9.5,7.280170268706899e-08,5.4445789867685335e-06,True
-9.5,8.507616412388804e-08,6.321760549488076e-06,True
-9.5,9.942011566881027e-08,7.322950261068328e-06,True
-9.5,1.1618247603648405e-07,8.45530332038713e-06,True
-9.5,1.357709920891076e-07,9.719535177143968e-06,True
-9.5,1.5866215733835693e-07,1.1104893370195157e-05,True
-9.5,1.854128027195958e-07,1.2581593650029532e-05,True
-9.5,2.1667364158564133e-07,1.4089953567886226e-05,True
-9.5,2.532050984040335e-07,1.5525716214881413e-05,True
-9.5,2.958958061931839e-07,1.6721979349654248e-05,True
-9.5,3.4578422265023266e-07,1.7430244408700446e-05,True
-9.5,4.040838907860794e-07,1.7306825084384414e-05,True
-9.5,4.722129585362281e-07,1.5915913242237067e-05,True
-9.5,5.518286754162768e-07,1.2764718926749907e-05,True
-9.5,6.448677053582382e-07,7.384001910137883e-06,True
-9.5,7.535932363433208e-07,5.476677127358442e-07,True
-9.5,8.806500327798515e-07,1.106643201054247e-05,True
-9.5,1.0291287697834797e-06,2.38314701679343e-05,True
-9.5,1.2026412143004133e-06,3.81387205603545e-05,True
-9.5,1.4054080818654717e-06,5.30558826485894e-05,True
-9.5,1.6423617061234313e-06,6.762911767932422e-05,True
-9.5,1.919266018564754e-06,8.107466882423253e-05,True
-9.5,2.242856757000253e-06,9.288748123137403e-05,True
-9.5,2.6210053133663435e-06,0.00010285199793891309,True
-9.5,3.062910206482632e-06,0.00011098462745606774,True
-9.5,3.579320837364593e-06,0.00011745070813828917,True
-9.5,4.182798969972031e-06,0.00012248803427716837,True
-9.5,4.8880242979506284e-06,0.00012635139920558203,True
-9.5,5.7121515303221566e-06,0.00012927944085627807,True
-9.5,6.6752276822850066e-06,0.0001314788844712922,True
-9.5,7.800679721784456e-06,0.0001331200533605248,True
-9.5,9.115884433926798e-06,0.00013433859961775596,True
-9.5,1.0652834365272401e-05,0.00013524004079568108,True
-9.5,1.244891604719963e-05,0.00013590509293681663,True
-9.5,1.4547819428736743e-05,0.000136394765182013,True
-9.5,1.700060064094805e-05,0.00013675477484009768,True
-9.5,1.9866923944772957e-05,0.00013701916666408742,True
-9.5,2.3216513072880598e-05,0.00013721317808390587,True
-9.5,2.7130847269642384e-05,0.00013735545574244945,True
-9.5,3.170514328564207e-05,0.0001374597433470015,True
-9.5,3.705067153902942e-05,0.00013753615284795018,True
-9.5,4.329746278468033e-05,0.00013759211436004115,True
-9.5,5.0597471131285437e-05,0.00013763308205771985,True
-9.5,5.9128270347219716e-05,0.00013766305662787914,True
-9.5,6.909737336837289e-05,0.00013768497081967368,True
-9.5,8.074728008059909e-05,0.00013770097335807918,True
-9.5,9.436137616482962e-05,0.0001377126376858051,True
-9.5,0.00011027082649511832,0.00013772111525711672,True
-9.5,0.00012886263077253266,0.00013772724800109604,True
-9.5,0.00015058903734935916,0.0001377316507742421,True
-9.5,0.00017597854423627313,0.00013773477176248772,True
-9.5,0.0002056487548935761,0.00013773693669982823,True
-9.5,0.00024032140152549899,0.00013773838120445525,True
-9.5,0.00028083990132139714,0.0001377392743999728,True
-9.5,0.00032818987270196787,0.00013773973613440127,True
-9.5,0.0003835231106311733,0.00013773984949305706,True
-9.5,0.0004481856041968269,0.00013773966985120012,True
-9.5,0.0005237502779915854,0.000137739231370837,True
-9.5,0.0006120552537332152,0.00013773855160081894,True
-9.5,0.0007152485628436249,0.00013773763466684574,True
-9.5,0.0008358403976266819,0.00013773647339365702,True
-9.5,0.0009767641720623372,0.00013773505061087654,True
-9.5,0.0011414478775297805,0.00013773333982114444,True
-9.5,0.0013338974691980096,0.0001377313053468887,True
-9.5,0.0015587943114699354,0.00013772890204721833,True
-9.5,0.0018216090528546738,0.00013772607464257458,True
-9.5,0.0021287347002908923,0.00013772275668300082,True
-9.5,0.0024876421299735775,0.00013771886915858733,True
-9.5,0.0029070618175077593,0.00013771431874498585,True
-9.5,0.003397196208001707,0.00013770899565401784,True
-9.5,0.003969967892033094,0.00013770277105118467,True
-9.5,0.00463930962440476,0.00013769549398590097,True
-9.5,0.005625,0.00028217346120773534,True
-9.5,0.006875,0.00018847067008853635,True
-9.5,0.00875,0.00046836671957461995,True
-9.5,0.01125,0.00028211226458485505,True
-9.5,0.01375,0.00018839586898267147,True
-9.5,0.0175,0.00046827147196681906,True
-9.5,0.0225,0.0002819898157598866,True
-9.5,0.027500000000000004,0.00018824622222068932,True
-9.5,0.0325,0.0001344811684848013,True
-9.5,0.0375,0.00010079301827481402,True
-9.5,0.042499999999999996,7.828842705837058e-05,True
-9.5,0.0475,6.25056854826056e-05,True
-9.5,0.0525,5.100565071103347e-05,True
-9.5,0.057499999999999996,4.236324089301746e-05,True
-9.5,0.0625,3.5700471476052265e-05,True
-9.5,0.0675,3.0452434001015938e-05,True
-9.5,0.07250000000000001,2.6242270493859188e-05,True
-9.5,0.07750000000000001,2.281075420440537e-05,True
-9.5,0.0825,1.997482393079064e-05,True
-9.5,0.08750000000000001,1.7602223093104996e-05,True
-9.5,0.0925,1.5595471640095226e-05,True
-9.5,0.0975,1.3881442082586126e-05,True
-9.5,0.10250000000000001,1.2404407008781426e-05,True
-9.5,0.10750000000000001,1.1121296931482227e-05,True
-9.5,0.1125,9.99840032211985e-06,True
-9.5,0.11750000000000001,9.009025479733701e-06,True
-9.5,0.1225,8.131816666034908e-06,True
-9.5,0.1275,7.349523334032604e-06,True
-9.5,0.1325,6.648088272331876e-06,True
-9.5,0.1375,6.015963607164387e-06,True
-9.5,0.14250000000000002,5.443591827636318e-06,True
-9.5,0.14750000000000002,4.923007859924944e-06,True
-9.5,0.1525,4.447530954521106e-06,True
-9.5,0.1575,4.011523952240914e-06,True
-9.5,0.1625,3.610203596626782e-06,True
-9.5,0.1675,3.239489888007263e-06,True
-9.5,0.17250000000000001,2.8958855543548268e-06,True
-9.5,0.17750000000000002,2.576378955621017e-06,True
-9.5,0.1825,2.278365350605327e-06,True
-9.5,0.1875,1.999582663336774e-06,True
-9.5,0.1925,1.738058776457052e-06,True
-9.5,0.1975,1.49206804689328e-06,True
-9.5,0.2025,1.260095241595316e-06,True
-9.5,0.20750000000000002,1.0408054856858584e-06,True
-9.5,0.21250000000000002,8.330191004768395e-07,True
-9.5,0.2175,6.356904418414189e-07,True
-9.5,0.2225,4.478900347271164e-07,True
-9.5,0.2275,2.687894208319719e-07,True
-9.5,0.2325,9.764826469638166e-08,True
-9.5,0.23750000000000002,6.619665904317173e-08,True
-9.5,0.2425,2.2334090765685488e-07,True
-9.5,0.2475,3.743204887163287e-07,True
-9.5,0.2525,5.196188652689671e-07,True
-9.5,0.2575,6.596730179886379e-07,True
-9.5,0.2625,7.948787069667063e-07,True
-9.5,0.2675,9.255950512709887e-07,True
-9.5,0.2725,1.0521485253045526e-06,True
-9.5,0.2775,1.1748364566743774e-06,True
-9.5,0.28250000000000003,1.2939300935155273e-06,True
-9.5,0.28750000000000003,1.409677302333101e-06,True
-9.5,0.2925,1.5223049457668836e-06,True
-9.5,0.2975,1.6320209822451304e-06,True
-9.5,0.3025,1.7390163262742675e-06,True
-9.5,0.3075,1.8434664960098601e-06,True
-9.5,0.3125,1.9455330818596295e-06,True
-9.5,0.3175,2.0453650494411946e-06,True
-9.5,0.3225,2.143099907425672e-06,True
-9.5,0.3275,2.2388647462623368e-06,True
-9.5,0.3325,2.3327771745407233e-06,True
-9.5,0.3375,2.4249461523240257e-06,True
-9.5,0.3425,2.5154727439913316e-06,True
-9.5,0.34750000000000003,2.6044507970279795e-06,True
-9.5,0.35250000000000004,2.6919675487624417e-06,True
-9.5,0.35750000000000004,2.778104179923524e-06,True
-9.5,0.3625,2.8629363100218796e-06,True
-9.5,0.3675,2.9465344504320257e-06,True
-9.5,0.3725,3.028964411511126e-06,True
-9.5,0.3775,3.110287673413481e-06,True
-9.5,0.3825,3.19056172559673e-06,True
-9.5,0.3875,3.269840371911137e-06,True
-9.5,0.3925,3.3481740109309044e-06,True
-9.5,0.3975,3.4256098915275146e-06,True
-9.5,0.4025,3.5021923459055415e-06,True
-9.5,0.40750000000000003,3.5779630036536503e-06,True
-9.5,0.41250000000000003,3.652960985811582e-06,True
-9.5,0.41750000000000004,3.7272230859475286e-06,True
-9.5,0.4225,3.8007839326947845e-06,True
-9.5,0.4275,3.8736761411861664e-06,True
-9.5,0.4325,3.945930453497226e-06,True
-9.5,0.4375,4.017575863657363e-06,True
-9.5,0.4425,4.0886397369988e-06,True
-9.5,0.4475,4.159147919735595e-06,True
-9.5,0.4525,4.229124836552245e-06,True
-9.5,0.4575,4.2985935861938884e-06,True
-9.5,0.4625,4.3675760241779216e-06,True
-9.5,0.4675,4.436092844617434e-06,True
-9.5,0.47250000000000003,4.504163651719573e-06,True
-9.5,0.47750000000000004,4.571807029063457e-06,True
-9.5,0.48250000000000004,4.639040602660849e-06,True
-9.5,0.4875,4.705881098576725e-06,True
-9.5,0.4925,4.772344398107364e-06,True
-9.5,0.4975,4.838445589738782e-06,True
-4.5,5e-10,2.036432023011514e-08,True
-4.5,1.084300648087722e-09,4.416318244437889e-08,True
-4.5,1.2671151427991833e-09,5.160912786017491e-08,True
-4.5,1.4807523982786558e-09,6.031045440835214e-08,True
-4.5,1.7304091719433345e-09,7.047881278587909e-08,True
-4.5,2.022158401246853e-09,8.23615324829774e-08,True
-4.5,2.363096928769132e-09,9.624763452897867e-08,True
-4.5,2.7615181339478187e-09,1.1247485676157964e-07,True
-4.5,3.2271136707434075e-09,1.3143785837499422e-07,True
-4.5,3.771209218536234e-09,1.5359780580759264e-07,True
-4.5,4.4070399809302176e-09,1.794935633459005e-07,True
-4.5,5.150072634012047e-09,2.0975476511253532e-07,True
-4.5,6.018381555504162e-09,2.4511706375740516e-07,True
-4.5,7.033088486640534e-09,2.864399268887041e-07,True
-4.5,8.218876321604705e-09,3.347273813680829e-07,True
-4.5,9.604589522532925e-09,3.911521766486459e-07,True
-4.5,1.1223935765265053e-08,4.570839065021204e-07,True
-4.5,1.3116305883478639e-08,5.341216611221e-07,True
-4.5,1.5327732056466708e-08,6.24131884841006e-07,True
-4.5,1.7912007548616885e-08,7.292921035961797e-07,True
-4.5,2.093199523841801e-08,8.521412320217081e-07,True
-4.5,2.446115676715346e-08,9.956370807806536e-07,True
-4.5,2.8585339504046212e-08,1.1632215299872684e-06,True
-4.5,3.340486479604349e-08,1.3588934482111625e-06,True
-4.5,3.903696829922185e-08,1.5872887402235136e-06,True
-4.5,4.561865175323028e-08,1.8537656818473636e-06,True
-4.5,5.331001556860105e-08,2.164491576639449e-06,True
-4.5,6.229815329260023e-08,2.5265232899140955e-06,True
-4.5,7.280170268706899e-08,2.9478685088513146e-06,True
-4.5,8.507616412388804e-08,3.437505414316533e-06,True
-4.5,9.942011566881027e-08,4.005323924749504e-06,True
-4.5,1.1618247603648405e-07,4.661928977078844e-06,True
-4.5,1.357709920891076e-07,5.4182114301859485e-06,True
-4.5,1.5866215733835693e-07,6.284539767031916e-06,True
-4.5,1.854128027195958e-07,7.269349305172312e-06,True
-4.5,2.1667364158564133e-07,8.376799191189832e-06,True
-4.5,2.532050984040335e-07,9.603029740068436e-06,True
-4.5,2.958958061931839e-07,1.0930397814190584e-05,True
-4.5,3.4578422265023266e-07,1.231894604969419e-05,True
-4.5,4.040838907860794e-07,1.3694396152175159e-05,True
-4.5,4.722129585362281e-07,1.4932395861588788e-05,True
-4.5,5.518286754162768e-07,1.5840009510492692e-05,True
-4.5,6.448677053582382e-07,1.6138050751957067e-05,True
-4.5,7.535932363433208e-07,1.5452105907476366e-05,True
-4.5,8.806500327798515e-07,1.3325168421340905e-05,True
-4.5,1.0291287697834797e-06,9.267454142980469e-06,True
-4.5,1.2026412143004133e-06,2.8530600615361834e-06,True
-4.5,1.4054080818654717e-06,6.14705756074585e-06,True
-4.5,1.6423617061234313e-06,1.763735236282038e-05,True
-4.5,1.919266018564754e-06,3.113858220182841e-05,True
-4.5,2.242856757000253e-06,4.5846013206896075e-05,True
-4.5,2.6210053133663435e-06,6.079779293033383e-05,True
-4.5,3.062910206482632e-06,7.50854608875251e-05,True
-4.5,3.579320837364593e-06,8.802062180390813e-05,True
-4.5,4.182798969972031e-06,9.920723041756396e-05,True
-4.5,4.8880242979506284e-06,0.00010852322603205344,True
-4.5,5.7121515303221566e-06,0.00011604930040776118,True
-4.5,6.6752276822850066e-06,0.00012198555968145897,True
-4.5,7.800679721784456e-06,0.00012658181879188213,True
-4.5,9.115884433926798e-06,0.00013009048371204202,True
-4.5,1.0652834365272401e-05,0.0001327403585671405,True
-4.5,1.244891604719963e-05,0.0001347256205670444,True
-4.5,1.4547819428736743e-05,0.00013620407347825214,True
-4.5,1.700060064094805e-05,0.000137300211417557,True
-4.5,1.9866923944772957e-05,0.00013811022686605057,True
-4.5,2.3216513072880598e-05,0.00013870735194454475,True
-4.5,2.7130847269642384e-05,0.00013914674908410696,True
-4.5,3.170514328564207e-05,0.00013946965159594704,True
-4.5,3.705067153902942e-05,0.00013970670957585973,True
-4.5,4.329746278468033e-05,0.0001398806139809583,True
-4.5,5.0597471131285437e-05,0.0001400081137301612,True
-4.5,5.9128270347219716e-05,0.00014010154490384785,True
-4.5,6.909737336837289e-05,0.00014016997884791493,True
-4.5,8.074728008059909e-05,0.00014022007820191362,True
-4.5,9.436137616482962e-05,0.00014025673200568356,True
-4.5,0.00011027082649511832,0.00014028352519823706,True
-4.5,0.00012886263077253266,0.00014030308479151543,True
-4.5,0.00015058903734935916,0.0001403173346175013,True
-4.5,0.00017597854423627313,0.00014032768252869587,True
-4.5,0.0002056487548935761,0.0001403351578027623,True
-4.5,0.00024032140152549899,0.00014034051190947583,True
-4.5,0.00028083990132139714,0.00014034429234466295,True
-4.5,0.00032818987270196787,0.00014034689668174227,True
-4.5,0.0003835231106311733,0.00014034861209988314,True
-4.5,0.0004481856041968269,0.00014034964424891605,True
-4.5,0.0005237502779915854,0.00014035013828062048,True
-4.5,0.0006120552537332152,0.00014035019412395044,True
-4.5,0.0007152485628436249,0.00014034987751232464,True
-4.5,0.0008358403976266819,0.00014034922788708215,True
-4.5,0.0009767641720623372,0.00014034826396580602,True
-4.5,0.0011414478775297805,0.00014034698757958708,True
-4.5,0.0013338974691980096,0.0001403453861885673,True
-4.5,0.0015587943114699354,0.0001403434343920651,True
-4.5,0.0018216090528546738,0.00014034109463378908,True
-4.5,0.0021287347002908923,0.00014033831726201207,True
-4.5,0.0024876421299735775,0.00014033504003141406,True
-4.5,0.0029070618175077593,0.00014033118710965464,True
-4.5,0.003397196208001707,0.00014032666761365498,True
-4.5,0.003969967892033094,0.0001403213736761444,True
-4.5,0.00463930962440476,0.00014031517802415294,True
-4.5,0.005625,0.00028753487729960003,True
-4.5,0.006875,0.0001920573323236363,True
-4.5,0.00875,0.0004772648620942066,True
-4.5,0.01125,0.0002874827078379605,True
-4.5,0.01375,0.00019199354495791354,True
-4.5,0.0175,0.0004771836336884272,True
-4.5,0.0225,0.000287378268132632,True
-4.5,0.027500000000000004,0.00019186590434583373,True
-4.5,0.0325,0.0001370902541648622,True
-4.5,0.0375,0.00010277225643573473,True
-4.5,0.042499999999999996,7.984990860843144e-05,True
-4.5,0.0475,6.377688713488094e-05,True
-4.5,0.0525,5.206779198829725e-05,True
-4.5,0.057499999999999996,4.3270515312943125e-05,True
-4.5,0.0625,3.6490421991941524e-05,True
-4.5,0.0675,3.115189034330612e-05,True
-4.5,0.07250000000000001,2.6870915457499756e-05,True
-4.5,0.07750000000000001,2.3383354470274398e-05,True
-4.5,0.0825,2.050267450992571e-05,True
-4.5,0.08750000000000001,1.809411081221679e-05,True
-4.5,0.0925,1.6058334662782947e-05,True
-4.5,0.0975,1.4320831743130924e-05,True
-4.5,0.10250000000000001,1.2824817796297516e-05,True
-4.5,0.10750000000000001,1.1526406543893586e-05,True
-4.5,0.1125,1.0391247133756387e-05,True
-4.5,0.11750000000000001,9.392141668063125e-06,True
-4.5,0.1225,8.507329408380393e-06,True
-4.5,0.1275,7.719232657632524e-06,True
-4.5,0.1325,7.013527617227844e-06,True
-4.5,0.1375,6.37844741235849e-06,True
-4.5,0.14250000000000002,5.804253279562133e-06,True
-4.5,0.14750000000000002,5.282829090291763e-06,True
-4.5,0.1525,4.807367397163809e-06,True
-4.5,0.1575,4.372124135954003e-06,True
-4.5,0.1625,3.972225338211288e-06,True
-4.5,0.1675,3.6035136274925605e-06,True
-4.5,0.17250000000000001,3.2624254090452e-06,True
-4.5,0.17750000000000002,2.94589192795236e-06,True
-4.5,0.1825,2.6512590448612983e-06,True
-4.5,0.1875,2.376221785116428e-06,True
-4.5,0.1925,2.1187706311653898e-06,True
-4.5,0.1975,1.8771472134471168e-06,True
-4.5,0.2025,1.6498075638970988e-06,True
-4.5,0.20750000000000002,1.4353914914444488e-06,True
-4.5,0.21250000000000002,1.2326969459630632e-06,True
-4.5,0.2175,1.0406584532995922e-06,True
-4.5,0.2225,8.583289111685488e-07,True
-4.5,0.2275,6.848641495027508e-07,True
-4.5,0.2325,5.195097936283588e-07,True
-4.5,0.23750000000000002,3.6159003913294185e-07,True
-4.5,0.2425,2.1049803555772684e-07,True
-4.5,0.2475,6.568760968495013e-08,True
-4.5,0.2525,7.333387042063322e-08,True
-4.5,0.2575,2.07011672137547e-07,True
-4.5,0.2625,3.3574906144195893e-07,True
-4.5,0.2675,4.599119675097185e-07,True
-4.5,0.2725,5.798330563466791e-07,True
-4.5,0.2775,6.958152941605178e-07,True
-4.5,0.28250000000000003,8.081350734157056e-07,True
-4.5,0.28750000000000003,9.170449608575382e-07,True
-4.5,0.2925,1.0227761219061549e-06,True
-4.5,0.2975,1.1255404587240392e-06,True
-4.5,0.3025,1.2255325061438782e-06,True
-4.5,0.3075,1.3229311112139541e-06,True
-4.5,0.3125,1.4179009287795807e-06,True
-4.5,0.3175,1.5105937494208632e-06,True
-4.5,0.3225,1.6011496897228028e-06,True
-4.5,0.3275,1.6896982506509062e-06,True
-4.5,0.3325,1.7763592704556075e-06,True
-4.5,0.3375,1.8612437756582167e-06,True
-4.5,0.3425,1.9444547479929852e-06,True
-4.5,0.34750000000000003,2.0260878144107153e-06,True
-4.5,0.35250000000000004,2.1062318663611634e-06,True
-4.5,0.35750000000000004,2.184969624119404e-06,True
-4.5,0.3625,2.2623781418262823e-06,True
-4.5,0.3675,2.3385292676758596e-06,True
-4.5,0.3725,2.4134900595829123e-06,True
-4.5,0.3775,2.487323164879207e-06,True
-4.5,0.3825,2.560087162484237e-06,True
-4.5,0.3875,2.6318368765432254e-06,True
-4.5,0.3925,2.702623661643422e-06,True
-4.5,0.3975,2.772495662273222e-06,True
-4.5,0.4025,2.84149805251932e-06,True
-4.5,0.40750000000000003,2.9096732498956612e-06,True
-4.5,0.41250000000000003,2.9770611186252793e-06,True
-4.5,0.41750000000000004,3.0436991497184707e-06,True
-4.5,0.4225,3.1096226281723816e-06,True
-4.5,0.4275,3.1748647881801872e-06,True
-4.5,0.4325,3.2394569539073714e-06,True
-4.5,0.4375,3.303428670164976e-06,True
-4.5,0.4425,3.366807820981421e-06,True
-4.5,0.4475,3.4296207427342296e-06,True
-4.5,0.4525,3.4918923232929444e-06,True
-4.5,0.4575,3.553646099052621e-06,True
-4.5,0.4625,3.614904340754066e-06,True
-4.5,0.4675,3.675688134308075e-06,True
-4.5,0.47250000000000003,3.7360174565126414e-06,True
-4.5,0.47750000000000004,3.795911242554517e-06,True
-4.5,0.48250000000000004,3.855387453066683e-06,True
-4.5,0.4875,3.914463130860746e-06,True
-4.5,0.4925,3.973154459657735e-06,True
-4.5,0.4975,4.031476812493828e-06,True
0.5,5e-10,1.1138382882691644e-08,True
0.5,1.084300648087722e-09,2.4154926281383382e-08,True
0.5,1.2671151427991833e-09,2.8227473691799787e-08,True
0.5,1.4807523982786558e-09,3.298665474105178e-08,True
0.5,1.7304091719433345e-09,3.8548235492541494e-08,True
0.5,2.022158401246853e-09,4.504749906431016e-08,True
0.5,2.363096928769132e-09,5.264253544190467e-08,True
0.5,2.7615181339478187e-09,6.151808706889028e-08,True
0.5,3.2271136707434075e-09,7.18900388108068e-08,True
0.5,3.771209218536234e-09,8.401066975416427e-08,True
0.5,4.4070399809302176e-09,9.817478074936048e-08,True
0.5,5.150072634012047e-09,1.1472686223257256e-07,True
0.5,6.018381555504162e-09,1.340694593121583e-07,True
0.5,7.033088486640534e-09,1.5667294483989735e-07,True
0.5,8.218876321604705e-09,1.8308693161550593e-07,True
0.5,9.604589522532925e-09,2.1395359106612943e-07,True
0.5,1.1223935765265053e-08,2.500231974789102e-07,True
0.5,1.3116305883478639e-08,2.921722512816416e-07,True
0.5,1.5327732056466708e-08,3.4142460281216813e-07,True
0.5,1.7912007548616885e-08,3.98976038207266e-07,True
0.5,2.093199523841801e-08,4.662228580976091e-07,True
0.5,2.446115676715346e-08,5.447950328640871e-07,True
0.5,2.8585339504046212e-08,6.365945581787713e-07,True
0.5,3.340486479604349e-08,7.438396554260152e-07,True
0.5,3.903696829922185e-08,8.691154413931201e-07,True
0.5,4.561865175323028e-08,1.0154315546184733e-06,True
0.5,5.331001556860105e-08,1.186286996190944e-06,True
0.5,6.229815329260023e-08,1.3857418914575703e-06,True
0.5,7.280170268706899e-08,1.6184949778175195e-06,True
0.5,8.507616412388804e-08,1.8899640259473216e-06,True
0.5,9.942011566881027e-08,2.2063637066249697e-06,True
0.5,1.1618247603648405e-07,2.574771039709489e-06,True
0.5,1.357709920891076e-07,3.003161446413216e-06,True
0.5,1.5866215733835693e-07,3.500387093513524e-06,True
0.5,1.854128027195958e-07,4.076051376200596e-06,True
0.5,2.1667364158564133e-07,4.740205749698134e-06,True
0.5,2.532050984040335e-07,5.502753087194279e-06,True
0.5,2.958958061931839e-07,6.372379393271288e-06,True
0.5,3.4578422265023266e-07,7.354746662358025e-06,True
0.5,4.040838907860794e-07,8.44955945078496e-06,True
0.5,4.722129585362281e-07,9.645970815430616e-06,True
0.5,5.518286754162768e-07,1.0915647436604559e-05,True
0.5,6.448677053582382e-07,1.2202748177259082e-05,True
0.5,7.535932363433208e-07,1.3410260221613512e-05,True
0.5,8.806500327798515e-07,1.4382906366350312e-05,True
0.5,1.0291287697834797e-06,1.4888669806145671e-05,True
0.5,1.2026412143004133e-06,1.4604358698599995e-05,True
0.5,1.4054080818654717e-06,1.3115453918022268e-05,True
0.5,1.6423617061234313e-06,9.94493343786651e-06,True
0.5,1.919266018564754e-06,4.625145528569519e-06,True
0.5,2.242856757000253e-06,3.1855419351245473e-06,True
0.5,2.6210053133663435e-06,1.3566254610575257e-05,True
0.5,3.062910206482632e-06,2.623207212781864e-05,True
0.5,3.579320837364593e-06,4.052908065999006e-05,True
0.5,4.182798969972031e-06,5.5551190830227526e-05,True
0.5,4.8880242979506284e-06,7.033941373446595e-05,True
0.5,5.7121515303221566e-06,8.407984075020636e-05,True
0.5,6.6752276822850066e-06,9.622660845698405e-05,True
0.5,7.800679721784456e-06,0.00010652634196617328,True
0.5,9.115884433926798e-06,0.00011496834837210201,True
0.5,1.0652834365272401e-05,0.00012170311116443955,True
0.5,1.244891604719963e-05,0.00012696357175578932,True
0.5,1.4547819428736743e-05,0.00013100621854311711,True
0.5,1.700060064094805e-05,0.0001340748271132508,True
0.5,1.9866923944772957e-05,0.0001363825079563341,True
0.5,2.3216513072880598e-05,0.00013810591448581988,True
0.5,2.7130847269642384e-05,0.00013938633127619227,True
0.5,3.170514328564207e-05,0.00014033398230384186,True
0.5,3.705067153902942e-05,0.00014103336178172832,True
0.5,4.329746278468033e-05,0.00014154843147928808,True
0.5,5.0597471131285437e-05,0.00014192717374950092,True
0.5,5.9128270347219716e-05,0.00014220534834397114,True
0.5,6.909737336837289e-05,0.0001424094791189212,True
0.5,8.074728008059909e-05,0.0001425591711283758,True
0.5,9.436137616482962e-05,0.0001426688785262087,True
0.5,0.00011027082649511832,0.00014274923787582772,True
0.5,0.00012886263077253266,0.0001428080654706232,True
0.5,0.00015058903734935916,0.0001428510989687215,True
0.5,0.00017597854423627313,0.00014288254655925314,True
0.5,0.0002056487548935761,0.0001429054923580697,True
0.5,0.00024032140152549899,0.0001429221949944548,True
0.5,0.00028083990132139714,0.00014293430715661692,True
0.5,0.00032818987270196787,0.00014294303680828513,True
0.5,0.0003835231106311733,0.00014294926544655695,True
0.5,0.0004481856041968269,0.00014295363476168887,True
0.5,0.0005237502779915854,0.00014295661007623917,True
0.5,0.0006120552537332152,0.00014295852672874254,True
0.5,0.0007152485628436249,0.00014295962392907313,True
0.5,0.0008358403976266819,0.00014296006940606176,True
0.5,0.0009767641720623372,0.00014295997728241971,True
0.5,0.0011414478775297805,0.00014295942095254865,True
0.5,0.0013338974691980096,0.0001429584422703023,True
0.5,0.0015587943114699354,0.0001429570579875028,True
0.5,0.0018216090528546738,0.00014295526412810844,True
0.5,0.0021287347002908923,0.00014295303880029753,True
0.5,0.0024876421299735775,0.000142950343792414,True
0.5,0.0029070618175077593,0.00014294712519991037,True
0.5,0.003397196208001707,0.00014294331325592768,True
0.5,0.003969967892033094,0.0001429388214679861,True
0.5,0.00463930962440476,0.00014293354512562306,True
0.5,0.005625,0.00029289469508886334,True
0.5,0.006875,0.0001956420919667634,True
0.5,0.00875,0.0004861605793029522,True
0.5,0.01125,0.00029285007331081303,True
0.5,0.01375,0.0001955874719257178,True
0.5,0.0175,0.0004860910229727011,True
0.5,0.0225,0.00029276059464067306,True
0.5,0.027500000000000004,0.00019547810248843334,True
0.5,0.0325,0.00013969049641771036,True
0.5,0.0375,0.00010474129124637965,True
0.5,0.042499999999999996,8.1399826683759e-05,True
0.5,0.0475,6.503516508959972e-05,True
0.5,0.0525,5.311564929522117e-05,True
0.5,0.057499999999999996,4.416214546199004e-05,True
0.5,0.0625,3.7263367919204704e-05,True
0.5,0.0675,3.183298176812066e-05,True
0.5,0.07250000000000001,2.747983516737662e-05,True
0.5,0.07750000000000001,2.3934869141872817e-05,True
0.5,0.0825,2.100807915106362e-05,True
0.5,0.08750000000000001,1.8562192247384424e-05,True
0.5,0.0925,1.6496031052692928e-05,True
0.5,0.0975,1.4733694421176224e-05,True
0.5,0.10250000000000001,1.3217341251925419e-05,True
0.5,0.10750000000000001,1.1902268473140687e-05,True
0.5,0.1125,1.0753485909953397e-05,True
0.5,0.11750000000000001,9.743289469010818e-06,True
0.5,0.1225,8.84951341029172e-06,True
0.5,0.1275,8.054252888300972e-06,True
0.5,0.1325,7.342917516028891e-06,True
0.5,0.1375,6.703521418294223e-06,True
0.5,0.14250000000000002,6.126144578622039e-06,True
0.5,0.14750000000000002,5.602519813630025e-06,True
0.5,0.1525,5.1257129793924605e-06,True
0.5,0.1575,4.689873105534481e-06,True
0.5,0.1625,4.2900355108344e-06,True
0.5,0.1675,3.921965444408926e-06,True
0.5,0.17250000000000001,3.58203298644888e-06,True
0.5,0.17750000000000002,3.2671122685012932e-06,True
0.5,0.1825,2.974499753394255e-06,True
0.5,0.1875,2.7018475667883735e-06,True
0.5,0.1925,2.4471087912703027e-06,True
0.5,0.1975,2.2084923310128346e-06,True
0.5,0.2025,1.9844254822709573e-06,True
0.5,0.20750000000000002,1.7735227391124653e-06,True
0.5,0.21250000000000002,1.5745596786409521e-06,True
0.5,0.2175,1.3864509972316696e-06,True
0.5,0.2225,1.2082319652551021e-06,True
0.5,0.2275,1.0390427015449788e-06,True
0.5,0.2325,8.78114790436868e-07,True
0.5,0.23750000000000002,7.247598511339604e-07,True
0.5,0.2425,5.78359737324341e-07,True
0.5,0.2475,4.3835811192050045e-07,True
0.5,0.2525,3.042531736552334e-07,True
0.5,0.2575,1.7559136789024876e-07,True
0.5,0.2625,5.1961923541732347e-08,True
0.5,0.2675,6.700789900726534e-08,True
0.5,0.2725,1.8165695747640598e-07,True
0.5,0.2775,2.9229385678508635e-07,True
0.5,0.28250000000000003,3.992001329500283e-07,True
0.5,0.28750000000000003,5.0263305417797e-07,True
0.5,0.2925,6.028280877812264e-07,True
0.5,0.2975,7.000010797675316e-07,True
0.5,0.3025,7.943501852958335e-07,True
0.5,0.3075,8.860575808622428e-07,True
0.5,0.3125,9.7529098497251e-07,True
0.5,0.3175,1.06220501383536e-06,True
0.5,0.3225,1.1469423913945676e-06,True
0.5,0.3275,1.229635029020848e-06,True
0.5,0.3325,1.3104049952916696e-06,True
0.5,0.3375,1.3893653832974806e-06,True
0.5,0.3425,1.4666210912395172e-06,True
0.5,0.34750000000000003,1.5422695254230234e-06,True
0.5,0.35250000000000004,1.6164012327513078e-06,True
0.5,0.35750000000000004,1.6891004723795788e-06,True
0.5,0.3625,1.7604457323017186e-06,True
0.5,0.3675,1.8305101985305328e-06,True
0.5,0.3725,1.8993621765384106e-06,True
0.5,0.3775,1.9670654800574283e-06,True
0.5,0.3825,2.033679778135067e-06,True
0.5,0.3875,2.0992609149894648e-06,True
0.5,0.3925,2.1638612011098957e-06,True
0.5,0.3975,2.2275296773788256e-06,True
0.5,0.4025,2.290312357766666e-06,True
0.5,0.40750000000000003,2.3522524505992237e-06,True
0.5,0.41250000000000003,2.413390560951356e-06,True
0.5,0.41750000000000004,2.4737648774975085e-06,True
0.5,0.4225,2.5334113428199245e-06,True
0.5,0.4275,2.5923638091729373e-06,True
0.5,0.4325,2.6506541839221853e-06,True
0.5,0.4375,2.7083125612170633e-06,True
0.5,0.4425,2.7653673447813887e-06,True
0.5,0.4475,2.8218453604900162e-06,True
0.5,0.4525,2.8777719597306017e-06,True
0.5,0.4575,2.9331711172142505e-06,True
0.5,0.4625,2.988065517461891e-06,True
0.5,0.4675,3.0424766397363356e-06,True
0.5,0.47250000000000003,3.0964248316500687e-06,True
0.5,0.47750000000000004,3.1499293814407636e-06,True
0.5,0.48250000000000004,3.2030085841405764e-06,True
0.5,0.4875,3.255679799529787e-06,True
0.5,0.4925,3.3079595120888428e-06,True
0.5,0.4975,3.3598633816245282e-06,True
5.5,5e-10,6.2193847849556505e-09,True
5.5,1.084300648087722e-09,1.3487410965851154e-08,True
5.5,1.2671151427991833e-09,1.5761404847935978e-08,True
5.5,1.4807523982786558e-09,1.8418796932095916e-08,True
5.5,1.7304091719433345e-09,2.1524227511449112e-08,True
5.5,2.022158401246853e-09,2.5153236604680274e-08,True
5.5,2.363096928769132e-09,2.939409871061116e-08,True
5.5,2.7615181339478187e-09,3.4349971755887054e-08,True
5.5,3.2271136707434075e-09,4.0141405976967803e-08,True
5.5,3.771209218536234e-09,4.6909274020734415e-08,True
5.5,4.4070399809302176e-09,5.481819864705528e-08,True
5.5,5.150072634012047e-09,6.406055463870075e-08,True
5.5,6.018381555504162e-09,7.486114572685665e-08,True
5.5,7.033088486640534e-09,8.748266999702992e-08,True
5.5,8.218876321604705e-09,1.0223210322735099e-07,True
5.5,9.604589522532925e-09,1.1946815670071942e-07,True
5.5,1.1223935765265053e-08,1.3960998535011981e-07,True
5.5,1.3116305883478639e-08,1.631473611762857e-07,True
5.5,1.5327732056466708e-08,1.906525435302342e-07,True
5.5,1.7912007548616885e-08,2.2279413736114861e-07,True
5.5,2.093199523841801e-08,2.603532538447695e-07,True
5.5,2.446115676715346e-08,3.042423448729181e-07,True
5.5,2.8585339504046212e-08,3.555271397281956e-07,True
5.5,3.340486479604349e-08,4.154521473509476e-07,True
5.5,3.903696829922185e-08,4.854702635448405e-07,True
5.5,4.561865175323028e-08,5.672770491127466e-07,True
5.5,5.331001556860105e-08,6.62850272892257e-07,True
5.5,6.229815329260023e-08,7.744953143262734e-07,True
5.5,7.280170268706899e-08,9.048969171754351e-07,True
5.5,8.507616412388804e-08,1.0571776025702917e-06,True
5.5,9.942011566881027e-08,1.2349626348218123e-06,True
5.5,1.1618247603648405e-07,1.4424506866728137e-06,True
5.5,1.357709920891076e-07,1.6844880710298327e-06,True
5.5,1.5866215733835693e-07,1.9666421993136396e-06,True
5.5,1.854128027195958e-07,2.295266354757075e-06,True
5.5,2.1667364158564133e-07,2.677541991458199e-06,True
5.5,2.532050984040335e-07,3.1214754150354906e-06,True
5.5,2.958958061931839e-07,3.6358108943534972e-06,True
5.5,3.4578422265023266e-07,4.2297991538209345e-06,True
5.5,4.040838907860794e-07,4.912724841821259e-06,True
5.5,4.722129585362281e-07,5.6930435707869265e-06,True
5.5,5.518286754162768e-07,6.5769021873052225e-06,True
5.5,6.448677053582382e-07,7.565709484458338e-06,True
5.5,7.535932363433208e-07,8.652288415511578e-06,True
5.5,8.806500327798515e-07,9.814991242862448e-06,True
5.5,1.0291287697834797e-06,1.1009050306931556e-05,True
5.5,1.2026412143004133e-06,1.2154499638317162e-05,True
5.5,1.4054080818654717e-06,1.312049472801391e-05,True
5.5,1.6423617061234313e-06,1.3707202799695395e-05,True
5.5,1.919266018564754e-06,1.3629150146021729e-05,True
5.5,2.242856757000253e-06,1.2508225770702097e-05,True
5.5,2.6210053133663435e-06,9.889475647950619e-06,True
5.5,3.062910206482632e-06,5.29489967382446e-06,True
5.5,3.579320837364593e-06,1.6765508588090228e-06,True
5.5,4.182798969972031e-06,1.1215922306684334e-05,True
5.5,4.8880242979506284e-06,2.3182225544760016e-05,True
5.5,5.7121515303221566e-06,3.705465655179374e-05,True
5.5,6.6752276822850066e-06,5.200336398414329e-05,True
5.5,7.800679721784456e-06,6.706504458686702e-05,True
5.5,9.115884433926798e-06,8.135151059174284e-05,True
5.5,1.0652834365272401e-05,9.420716908348226e-05,True
5.5,1.244891604719963e-05,0.00010527045445463123,True
5.5,1.4547819428736743e-05,0.00011444774261049062,True
5.5,1.700060064094805e-05,0.00012183905768448078,True
5.5,1.9866923944772957e-05,0.00012765523537328072,True
5.5,2.3216513072880598e-05,0.0001321503896092313,True
5.5,2.7130847269642384e-05,0.0001355771902187275,True
5.5,3.170514328564207e-05,0.0001381625862508784,True
5.5,3.705067153902942e-05,0.00014009805810366593,True
5.5,4.329746278468033e-05,0.00014153860802990081,True
5.5,5.0597471131285437e-05,0.00014260618767436561,True
5.5,5.9128270347219716e-05,0.00014339484411518555,True
5.5,6.909737336837289e-05,0.00014397607781457822,True
5.5,8.074728008059909e-05,0.00014440369339796533,True
5.5,9.436137616482962e-05,0.00014471788016146014,True
5.5,0.00011027082649511832,0.00014494849622148642,True
5.5,0.00012886263077253266,0.00014511763734614824,True
5.5,0.00015058903734935916,0.00014524160801077102,True
5.5,0.00017597854423627313,0.00014533241379943718,True
5.5,0.0002056487548935761,0.00014539888085907116,True
5.5,0.00024032140152549899,0.0001454474900244307,True
5.5,0.00028083990132139714,0.00014548299535821485,True
5.5,0.00032818987270196787,0.00014550888122788486,True
5.5,0.0003835231106311733,0.00014552769920295194,True
5.5,0.0004481856041968269,0.00014554131589661345,True
5.5,0.0005237502779915854,0.00014555109501623864,True
5.5,0.0006120552537332152,0.00014555803092886066,True
5.5,0.0007152485628436249,0.00014556284653566287,True
5.5,0.0008358403976266819,0.0001455660649126722,True
5.5,0.0009767641720623372,0.00014556806166610148,True
5.5,0.0011414478775297805,0.00014556910311946947,True
5.5,0.0013338974691980096,0.0001455693740752828,True
5.5,0.0015587943114699354,0.00014556899790807432,True
5.5,0.0018216090528546738,0.00014556805098742132,True
5.5,0.0021287347002908923,0.00014556657290265562,True
5.5,0.0024876421299735775,0.000145564573553858,True
5.5,0.0029070618175077593,0.00014556203788063105,True
5.5,0.003397196208001707,0.00014555892878087562,True
5.5,0.003969967892033094,0.00014555518861525396,True
5.5,0.00463930962440476,0.00014555073956357134,True
5.5,0.005625,0.0002982530853280485,True
5.5,0.006875,0.00019922524898285943,True
5.5,0.00875,0.0004950542452862861,True
5.5,0.01125,0.0002982149148316182,True
5.5,0.01375,0.0001991783496037014,True
5.5,0.0175,0.0004949945284487001,True
5.5,0.0225,0.0002981379560209607,True
5.5,0.027500000000000004,0.00019908424103121103,True
5.5,0.0325,0.00014228358088053117,True
5.5,0.0375,0.0001067020687413045,True
5.5,0.042499999999999996,8.294038735046083e-05,True
5.5,0.0475,6.62829852758895e-05,True
5.5,0.0525,5.415194833213732e-05,True
5.5,0.057499999999999996,4.5041116759403366e-05,True
5.5,0.0625,3.802255436669011e-05,True
5.5,0.0675,3.2499213055148246e-05,True
5.5,0.07250000000000001,2.807279406302765e-05,True
5.5,0.07750000000000001,2.44693223092618e-05,True
5.5,0.0825,2.149532158890466e-05,True
5.5,0.08750000000000001,1.9011010773173354e-05,True
5.5,0.0925,1.6913363823478633e-05,True
5.5,0.0975,1.5125092766243853e-05,True
5.5,0.10250000000000001,1.358729965772465e-05,True
5.5,0.10750000000000001,1.2254464634597895e-05,True
5.5,0.1125,1.1090958198178846e-05,True
5.5,0.11750000000000001,1.0068570060584037e-05,True
5.5,0.1225,9.164729479871347e-06,True
5.5,0.1275,8.361204463569472e-06,True
5.5,0.1325,7.64313803491845e-06,True
5.5,0.1375,6.998325319806931e-06,True
5.5,0.14250000000000002,6.416665047526138e-06,True
5.5,0.14750000000000002,5.8897389811907175e-06,True
5.5,0.1525,5.410486279999738e-06,True
5.5,0.1575,4.972949066872623e-06,True
5.5,0.1625,4.572071948816259e-06,True
5.5,0.1675,4.203542799730009e-06,True
5.5,0.17250000000000001,3.8636653758583606e-06,True
5.5,0.17750000000000002,3.549256693768932e-06,True
5.5,0.1825,3.2575638189147327e-06,True
5.5,0.1875,2.986195978160744e-06,True
5.5,0.1925,2.7330688535665004e-06,True
5.5,0.1975,2.496358623149675e-06,True
5.5,0.2025,2.274463847373731e-06,True
5.5,0.20750000000000002,2.0659737057782124e-06,True
5.5,0.21250000000000002,1.8696414028074315e-06,True
5.5,0.2175,1.6843618044770636e-06,True
5.5,0.2225,1.5091525545907203e-06,True
5.5,0.2275,1.3431380604389531e-06,True
5.5,0.2325,1.185535866476961e-06,True
5.5,0.23750000000000002,1.0356450138582218e-06,True
5.5,0.2425,8.928360621940357e-07,True
5.5,0.2475,7.565425086397681e-07,True
5.5,0.2525,6.262533837064765e-07,True
5.5,0.2575,5.015068454961025e-07,True
5.5,0.2625,3.818846180392299e-07,True
5.5,0.2675,2.6700715038963097e-07,True
5.5,0.2725,1.5652939366894714e-07,True
5.5,0.2775,5.013710469015109e-08,True
5.5,0.28250000000000003,5.245639733697516e-08,True
5.5,0.28750000000000003,1.5151308063732216e-07,True
5.5,0.2925,2.472727151925369e-07,True
5.5,0.2975,3.399550908556037e-07,True
5.5,0.3025,4.2976198344479855e-07,True
5.5,0.3075,5.168788977938377e-07,True
5.5,0.3125,6.014766171791308e-07,True
5.5,0.3175,6.837125827718893e-07,True
5.5,0.3225,7.637321259856833e-07,True
5.5,0.3275,8.416695690405263e-07,True
5.5,0.3325,9.176492103968314e-07,True
5.5,0.3375,9.917862098252073e-07,True
5.5,0.3425,1.0641873821048975e-06,True
5.5,0.34750000000000003,1.1349519131176322e-06,True
5.5,0.35250000000000004,1.204172004443116e-06,True
5.5,0.35750000000000004,1.2719334545607808e-06,True
5.5,0.3625,1.338316185650612e-06,True
5.5,0.3675,1.4033947207670039e-06,True
5.5,0.3725,1.4672386141612037e-06,True
5.5,0.3775,1.5299128444112853e-06,True
5.5,0.3825,1.591478171358851e-06,True
5.5,0.3875,1.651991459739044e-06,True
5.5,0.3925,1.711505975721117e-06,True
5.5,0.3975,1.770071656359562e-06,True
5.5,0.4025,1.8277353562856646e-06,True
5.5,0.40750000000000003,1.8845410728607348e-06,True
5.5,0.41250000000000003,1.9405301536767894e-06,True
5.5,0.41750000000000004,1.9957414848503774e-06,True
5.5,0.4225,2.050211665771684e-06,True
5.5,0.4275,2.103975167422334e-06,True
5.5,0.4325,2.1570644797019867e-06,True
5.5,0.4375,2.209510247319635e-06,True
5.5,0.4425,2.2613413922512038e-06,True
5.5,0.4475,2.312585230646036e-06,True
5.5,0.4525,2.363267577520922e-06,True
5.5,0.4575,2.4134128453479065e-06,True
5.5,0.4625,2.463044133427239e-06,True
5.5,0.4675,2.512183312819438e-06,True
5.5,0.47250000000000003,2.5608511037278348e-06,True
5.5,0.47750000000000004,2.609067146552846e-06,True
5.5,0.48250000000000004,2.6568500697266018e-06,True
5.5,0.4875,2.704217551441346e-06,True
5.5,0.4925,2.7511863768259204e-06,True
5.5,0.4975,2.7977724921246505e-06,True
10.5,5e-10,3.5414544630185674e-09,True
10.5,1.084300648087722e-09,7.6800119597209e-09,True
10.5,1.2671151427991833e-09,8.974871734679368e-09,True
10.5,1.4807523982786558e-09,1.0488046431333942e-08,True
10.5,1.7304091719433345e-09,1.2256343939753833e-08,True
10.5,2.022158401246853e-09,1.4322778962849725e-08,True
10.5,2.363096928769132e-09,1.673761640397231e-08,True
10.5,2.7615181339478187e-09,1.9559598163354508e-08,True
10.5,3.2271136707434075e-09,2.285736844243047e-08,True
10.5,3.771209218536234e-09,2.671114507357686e-08,True
10.5,4.4070399809302176e-09,3.121467040401171e-08,True
10.5,5.150072634012047e-09,3.647749080570861e-08,True
10.5,6.018381555504162e-09,4.2627621210655775e-08,True
10.5,7.033088486640534e-09,4.981465884235092e-08,True
10.5,8.218876321604705e-09,5.821341919620693e-08,True
10.5,9.604589522532925e-09,6.802818863782534e-08,True
10.5,1.1223935765265053e-08,7.949768865422868e-08,True
10.5,1.3116305883478639e-08,9.290087721325335e-08,True
10.5,1.5327732056466708e-08,1.0856372667511494e-07,True
10.5,1.7912007548616885e-08,1.2686713879439537e-07,True
10.5,2.093199523841801e-08,1.48256188436946e-07,True
10.5,2.446115676715346e-08,1.7325091472564225e-07,True
10.5,2.8585339504046212e-08,2.0245891518833048e-07,True
10.5,3.340486479604349e-08,2.3659003489662211e-07,True
10.5,3.903696829922185e-08,2.764734912119593e-07,True
10.5,4.561865175323028e-08,3.2307781649976164e-07,True
10.5,5.331001556860105e-08,3.7753405224272285e-07,True
10.5,6.229815329260023e-08,4.4116268194116515e-07,True
10.5,7.280170268706899e-08,5.155048212746038e-07,True
10.5,8.507616412388804e-08,6.023582275194173e-07,True
10.5,9.942011566881027e-08,7.038186682351011e-07,True
10.5,1.1618247603648405e-07,8.223271308338553e-07,True
10.5,1.357709920891076e-07,9.607231923336457e-07,True
10.5,1.5866215733835693e-07,1.1223045111030672e-06,True
10.5,1.854128027195958e-07,1.3108917691351252e-06,True
10.5,2.1667364158564133e-07,1.5308972789451758e-06,True
10.5,2.532050984040335e-07,1.7873935675982722e-06,True
10.5,2.958958061931839e-07,2.08617512953424e-06,True
10.5,3.4578422265023266e-07,2.433801419288173e-06,True
10.5,4.040838907860794e-07,2.8376009915120903e-06,True
10.5,4.722129585362281e-07,3.3056036849998804e-06,True
10.5,5.518286754162768e-07,3.846347467195699e-06,True
10.5,6.448677053582382e-07,4.468475282903839e-06,True
10.5,7.535932363433208e-07,5.179990145931512e-06,True
10.5,8.806500327798515e-07,5.986967630766671e-06,True
10.5,1.0291287697834797e-06,6.891427986710497e-06,True
10.5,1.2026412143004133e-06,7.887942895967726e-06,True
10.5,1.4054080818654717e-06,8.958404724923597e-06,True
10.5,1.6423617061234313e-06,1.0064259783781893e-05,True
10.5,1.919266018564754e-06,1.1135505989301464e-05,True
10.5,2.242856757000253e-06,1.2056096398760374e-05,True
10.5,2.6210053133663435e-06,1.2646449013997696e-05,True
10.5,3.062910206482632e-06,1.2646047270914451e-05,True
10.5,3.579320837364593e-06,1.1702993480078305e-05,True
10.5,4.182798969972031e-06,9.382324656748153e-06,True
10.5,4.8880242979506284e-06,5.2082407644427064e-06,True
10.5,5.7121515303221566e-06,1.2484752083263828e-06,True
10.5,6.6752276822850066e-06,1.0243832856859925e-05,True
10.5,7.800679721784456e-06,2.1730423607202454e-05,True
10.5,9.115884433926798e-06,3.528432186739039e-05,True
10.5,1.0652834365272401e-05,5.014285230298121e-05,True
10.5,1.244891604719963e-05,6.535723575806784e-05,True
10.5,1.4547819428736743e-05,8.000091443816082e-05,True
10.5,1.700060064094805e-05,9.334708258901259e-05,True
10.5,1.9866923944772957e-05,0.00010495671818544494,True
10.5,2.3216513072880598e-05,0.00011467248128194107,True
10.5,2.7130847269642384e-05,0.00012255280010653458,True
10.5,3.170514328564207e-05,0.0001287880791207563,True
10.5,3.705067153902942e-05,0.00013362767736246894,True
10.5,4.329746278468033e-05,0.00013732901354934768,True
10.5,5.0597471131285437e-05,0.00014012835172017013,True
10.5,5.9128270347219716e-05,0.00014222780720007933,True
10.5,6.909737336837289e-05,0.0001437925261047468,True
10.5,8.074728008059909e-05,0.00014495328772667904,True
10.5,9.436137616482962e-05,0.00014581141169656142,True
10.5,0.00011027082649511832,0.0001464441813923134,True
10.5,0.00012886263077253266,0.00014690989113907982,True
10.5,0.00015058903734935916,0.00014725215851063567,True
10.5,0.00017597854423627313,0.0001475034288747068,True
10.5,0.0002056487548935761,0.00014768773419859826,True
10.5,0.00024032140152549899,0.00014782281911362993,True
10.5,0.00028083990132139714,0.00014792175558731024,True
10.5,0.00032818987270196787,0.00014799415668731442,True
10.5,0.0003835231106311733,0.00014804708236382247,True
10.5,0.0004481856041968269,0.0001480857118512091,True
10.5,0.0005237502779915854,0.00014811384093527113,True
10.5,0.0006120552537332152,0.00014813424866622071,True
10.5,0.0007152485628436249,0.00014814896722614712,True
10.5,0.0008358403976266819,0.00014815948019952785,True
10.5,0.0009767641720623372,0.00014816686803853507,True
10.5,0.0011414478775297805,0.0001481719146463334,True
10.5,0.0013338974691980096,0.00014817518535981122,True
10.5,0.0015587943114699354,0.0001481770839012464,True
10.5,0.0018216090528546738,0.00014817789386745162,True
10.5,0.0021287347002908923,0.00014817780883036313,True
10.5,0.0024876421299735775,0.00014817695404822917,True
10.5,0.0029070618175077593,0.00014817540196732093,True
10.5,0.003397196208001707,0.0001481731831063371,True
10.5,0.003969967892033094,0.00014817029347680144,True
10.5,0.00463930962440476,0.00014816669938033655,True
10.5,0.005625,0.0003036099597860664,True
10.5,0.006875,0.00020280693598417887,True
10.5,0.00875,0.0005039460072998603,True
10.5,0.01125,0.00030357761411070605,True
10.5,0.01375,0.00020276670463881263,True
10.5,0.0175,0.0005038948150145606,True
10.5,0.0225,0.0003035112552387531,True
10.5,0.027500000000000004,0.00020268543862644872,True
10.5,0.0325,0.0001448708355777928,True
10.5,0.0375,0.00010865612405486225,True
10.5,0.042499999999999996,8.447333190131356e-05,True
10.5,0.0475,6.75222946866505e-05,True
10.5,0.0525,5.517884155736841e-05,True
10.5,0.057499999999999996,4.590978699703374e-05,True
10.5,0.0625,3.877054438083949e-05,True
10.5,0.0675,3.315335245668294e-05,True
10.5,0.07250000000000001,2.865276556951457e-05,True
10.5,0.07750000000000001,2.498989254939854e-05,True
10.5,0.0825,2.1967785537091444e-05,True
10.5,0.08750000000000001,1.9444155230141646e-05,True
10.5,0.0925,1.7314126933620777e-05,True
10.5,0.0975,1.5499025849741166e-05,True
10.5,0.10250000000000001,1.3938897193921385e-05,True
10.5,0.10750000000000001,1.2587404311981132e-05,True
10.5,0.1125,1.1408278384417159e-05,True
10.5,0.11750000000000001,1.0372802928815261e-05,True
10.5,0.1225,9.458002202533677e-06,True
10.5,0.1275,8.645317064792657e-06,True
10.5,0.1325,7.919623951746502e-06,True
10.5,0.1375,7.2684989895765995e-06,True
10.5,0.14250000000000002,6.6816596536734e-06,True
10.5,0.14750000000000002,6.150536654536687e-06,True
10.5,0.1525,5.667942453047026e-06,True
10.5,0.1575,5.227812267194487e-06,True
10.5,0.1625,4.82499999177044e-06,True
10.5,0.1675,4.455116124679748e-06,True
10.5,0.17250000000000001,4.114398099219763e-06,True
10.5,0.17750000000000002,3.799605817200735e-06,True
10.5,0.1825,3.507936946700596e-06,True
10.5,0.1875,3.2369578151225653e-06,True
10.5,0.1925,2.9845467042211027e-06,True
10.5,0.1975,2.748847066413873e-06,True
10.5,0.2025,2.5282287268169057e-06,True
10.5,0.20750000000000002,2.3212555489982023e-06,True
10.5,0.21250000000000002,2.126658365408929e-06,True
10.5,0.2175,1.943312212593362e-06,True
10.5,0.2225,1.7702171064559735e-06,True
10.5,0.2275,1.60648174385436e-06,True
10.5,0.2325,1.4513096283641502e-06,True
10.5,0.23750000000000002,1.303987223755243e-06,True
10.5,0.2425,1.1638737957841983e-06,True
10.5,0.2475,1.030392675294145e-06,True
10.5,0.2525,9.030237251295148e-07,True
10.5,0.2575,7.812968160214595e-07,True
10.5,0.2625,6.64786165893716e-07,True
10.5,0.2675,5.531054143581571e-07,True
10.5,0.2725,4.4590332060057136e-07,True
10.5,0.2775,3.4286000272221173e-07,True
10.5,0.28250000000000003,2.436836361585648e-07,True
10.5,0.28750000000000003,1.4810755144534227e-07,True
10.5,0.2925,5.5887676375654394e-08,True
10.5,0.2975,3.319972186055509e-08,True
10.5,0.3025,1.1936004074009077e-07,True
10.5,0.3075,2.0278211365631904e-07,True
10.5,0.3125,2.836397875460861e-07,True
10.5,0.3175,3.620933294312678e-07,True
10.5,0.3225,4.3829067797318544e-07,True
10.5,0.3275,5.123685660191057e-07,True
10.5,0.3325,5.844535221344316e-07,True
10.5,0.3375,6.546627724368648e-07,True
10.5,0.3425,7.231050487277457e-07,True
10.5,0.34750000000000003,7.898813161322238e-07,True
10.5,0.35250000000000004,8.550854309063993e-07,True
10.5,0.35750000000000004,9.188047314090397e-07,True
10.5,0.3625,9.811205732290773e-07,True
10.5,0.3675,1.0421088171286286e-06,True
10.5,0.3725,1.101840265027576e-06,True
10.5,0.3775,1.1603810620153254e-06,True
10.5,0.3825,1.2177930578394225e-06,True
10.5,0.3875,1.2741341377520143e-06,True
10.5,0.3925,1.3294585231582445e-06,True
10.5,0.3975,1.3838170480617862e-06,True
10.5,0.4025,1.4372574069776434e-06,True
10.5,0.40750000000000003,1.4898243873018302e-06,True
10.5,0.41250000000000003,1.5415600784773886e-06,True
10.5,0.41750000000000004,1.5925040640629717e-06,True
10.5,0.4225,1.6426936007007953e-06,True
10.5,0.4275,1.692163777544664e-06,True
10.5,0.4325,1.7409476673613256e-06,True
10.5,0.4375,1.7890764648642588e-06,True
10.5,0.4425,1.8365796111696753e-06,True
10.5,0.4475,1.883484912257316e-06,True
10.5,0.4525,1.9298186468841294e-06,True
10.5,0.4575,1.9756056652830978e-06,True
10.5,0.4625,2.020869480978682e-06,True
10.5,0.4675,2.065632357717284e-06,True
10.5,0.47250000000000003,2.1099153874049037e-06,True
10.5,0.47750000000000004,2.153738562937768e-06,True
10.5,0.48250000000000004,2.1971208471471826e-06,True
10.5,0.4875,2.2400802350830418e-06,True
10.5,0.4925,2.282633813632806e-06,True
10.5,0.4975,2.3247978142570958e-06,True
15.5,5e-10,2.054426628816941e-09,True
15.5,1.084300648087722e-09,4.455234403621944e-09,True
15.5,1.2671151427991833e-09,5.206393094425721e-09,True
15.5,1.4807523982786558e-09,6.084196924049934e-09,True
15.5,1.7304091719433345e-09,7.110000588284038e-09,True
15.5,2.022158401246853e-09,8.308755683472668e-09,True
15.5,2.363096928769132e-09,9.709621995313e-09,True
15.5,2.7615181339478187e-09,1.1346676709322878e-08,True
15.5,3.2271136707434075e-09,1.3259740194726533e-08,True
15.5,3.771209218536234e-09,1.549534855982415e-08,True
15.5,4.4070399809302176e-09,1.810788252676332e-08,True
15.5,5.150072634012047e-09,2.1160891483518185e-08,True
15.5,6.018381555504162e-09,2.4728640024562765e-08,True
15.5,7.033088486640534e-09,2.8897913395553587e-08,True
15.5,8.218876321604705e-09,3.377012625094267e-08,True
15.5,9.604589522532925e-09,3.946379356634111e-08,True
15.5,1.1223935765265053e-08,4.611740833659894e-08,True
15.5,1.3116305883478639e-08,5.3892811990863265e-08,True
15.5,1.5327732056466708e-08,6.297912902297753e-08,True
15.5,1.7912007548616885e-08,7.359736176049125e-08,True
15.5,2.093199523841801e-08,8.600576539841143e-08,True
15.5,2.446115676715346e-08,1.0050611853884561e-07,True
15.5,2.8585339504046212e-08,1.1745105332749972e-07,True
15.5,3.340486479604349e-08,1.372526119425288e-07,True
15.5,3.903696829922185e-08,1.6039223726949103e-07,True
15.5,4.561865175323028e-08,1.8743243379581997e-07,True
15.5,5.331001556860105e-08,2.1903036540038556e-07,True
15.5,6.229815329260023e-08,2.55953712002821e-07,True
15.5,7.280170268706899e-08,2.9909913124015475e-07,True
15.5,8.507616412388804e-08,3.495137355091771e-07,True
15.5,9.942011566881027e-08,4.0842002646535036e-07,True
15.5,1.1618247603648405e-07,4.772447812495528e-07,True
15.5,1.357709920891076e-07,5.576523940398204e-07,True
15.5,1.5866215733835693e-07,6.515831887377033e-07,True
15.5,1.854128027195958e-07,7.612971530956969e-07,True
15.5,2.1667364158564133e-07,8.894233782807959e-07,True
15.5,2.532050984040335e-07,1.0390151983230567e-06,True
15.5,2.958958061931839e-07,1.2136104041715612e-06,True
15.5,3.4578422265023266e-07,1.417294903216515e-06,True
15.5,4.040838907860794e-07,1.654766445868816e-06,True
15.5,4.722129585362281e-07,1.931392147769273e-06,True
15.5,5.518286754162768e-07,2.2532488417326135e-06,True
15.5,6.448677053582382e-07,2.627127742016455e-06,True
15.5,7.535932363433208e-07,3.060472888671839e-06,True
15.5,8.806500327798515e-07,3.561204085622549e-06,True
15.5,1.0291287697834797e-06,4.137346030441691e-06,True
15.5,1.2026412143004133e-06,4.796341512403046e-06,True
15.5,1.4054080818654717e-06,5.543861984147469e-06,True
15.5,1.6423617061234313e-06,6.3818374760327146e-06,True
15.5,1.919266018564754e-06,7.3053065050565635e-06,True
15.5,2.242856757000253e-06,8.297542706481309e-06,True
15.5,2.6210053133663435e-06,9.322782532183993e-06,True
15.5,3.062910206482632e-06,1.0315848625319646e-05,True
15.5,3.579320837364593e-06,1.116823079083673e-05,True
15.5,4.182798969972031e-06,1.1711098085287475e-05,True
15.5,4.8880242979506284e-06,1.1697763618645496e-05,True
15.5,5.7121515303221566e-06,1.079173058560201e-05,True
15.5,6.6752276822850066e-06,8.571304485061049e-06,True
15.5,7.800679721784456e-06,4.565620135954518e-06,True
15.5,9.115884433926798e-06,1.6653563446045183e-06,True
15.5,1.0652834365272401e-05,1.0409177641168554e-05,True
15.5,1.244891604719963e-05,2.1668214437831068e-05,True
15.5,1.4547819428736743e-05,3.5073979629762775e-05,True
15.5,1.700060064094805e-05,4.990613532362964e-05,True
15.5,1.9866923944772957e-05,6.522995796021114e-05,True
15.5,2.3216513072880598e-05,8.010167554228786e-05,True
15.5,2.7130847269642384e-05,9.375571934300275e-05,True
15.5,3.170514328564207e-05,0.00010570805791565441,True
15.5,3.705067153902942e-05,0.00011576276718083811,True
15.5,4.329746278468033e-05,0.0001239522175415786,True
15.5,5.0597471131285437e-05,0.00013045349965623565,True
15.5,5.9128270347219716e-05,0.00013551245356557828,True
15.5,6.909737336837289e-05,0.00013938909678778977,True
15.5,8.074728008059909e-05,0.00014232533522684498,True
15.5,9.436137616482962e-05,0.00014452988874991135,True
15.5,0.00011027082649511832,0.0001461742810255906,True
15.5,0.00012886263077253266,0.000147394882597629,True
15.5,0.00015058903734935916,0.00014829764173551752,True
15.5,0.00017597854423627313,0.0001489635345295337,True
15.5,0.0002056487548935761,0.00014945372877783747,True
15.5,0.00024032140152549899,0.00014981403966585205,True
15.5,0.00028083990132139714,0.00015007857280835424,True
15.5,0.00032818987270196787,0.00015027260343658533,True
15.5,0.0003835231106311733,0.00015041480118904715,True
15.5,0.0004481856041968269,0.00015051892289763558,True
15.5,0.0005237502779915854,0.00015059508674020172,True
15.5,0.0006120552537332152,0.00015065072395326062,True
15.5,0.0007152485628436249,0.00015069128579547897,True
15.5,0.0008358403976266819,0.00015072076660316291,True
15.5,0.0009767641720623372,0.0001507420896263989,True
15.5,0.0011414478775297805,0.00015075739101411134,True
15.5,0.0013338974691980096,0.00015076822845616622,True
15.5,0.0015587943114699354,0.00015077573423361024,True
15.5,0.0018216090528546738,0.0001507807273188888,True
15.5,0.0021287347002908923,0.00015078379534017028,True
15.5,0.0024876421299735775,0.00015078535437318408,True
15.5,0.0029070618175077593,0.0001507856924117812,True
15.5,0.003397196208001707,0.00015078500081566748,True
15.5,0.003969967892033094,0.00015078339687024656,True
15.5,0.00463930962440476,0.00015078093975784412,True
15.5,0.005625,0.0003089646923204459,True
15.5,0.006875,0.00020638699916897263,True
15.5,0.00875,0.0005128356118727639,True
15.5,0.01125,0.00030893833548284455,True
15.5,0.01375,0.00020635289075976448,True
15.5,0.0175,0.0005127923184399252,True
15.5,0.0225,0.00030888117512528623,True
15.5,0.027500000000000004,0.00020628256806454193,True
15.5,0.0325,0.00014745330716869898,True
15.5,0.0375,0.0001106046719541176,True
15.5,0.042499999999999996,8.600004078429535e-05,True
15.5,0.0475,6.875463830113837e-05,True
15.5,0.0525,5.619803788103894e-05,True
15.5,0.057499999999999996,4.6770028682363574e-05,True
15.5,0.0625,3.95093738662089e-05,True
15.5,0.0675,3.379759915078662e-05,True
15.5,0.07250000000000001,2.922211205902414e-05,True
15.5,0.07750000000000001,2.5499105374193753e-05,True
15.5,0.0825,2.2428159610510257e-05,True
15.5,0.08750000000000001,1.98644773095058e-05,True
15.5,0.0925,1.7701335130793083e-05,True
15.5,0.0975,1.585867146125519e-05,True
15.5,0.10250000000000001,1.4275474681246791e-05,True
15.5,0.10750000000000001,1.290459135006028e-05,True
15.5,0.1125,1.1709113330038434e-05,True
15.5,0.11750000000000001,1.0659817946012673e-05,True
15.5,0.1225,9.73332445708408e-06,True
15.5,0.1275,8.910746575274686e-06,True
15.5,0.1325,8.176694150763275e-06,True
15.5,0.1375,7.518524310246022e-06,True
15.5,0.14250000000000002,6.925773277099978e-06,True
15.5,0.14750000000000002,6.389720707655755e-06,True
15.5,0.1525,5.903052367139949e-06,True
15.5,0.1575,5.459596567392033e-06,True
15.5,0.1625,5.054116491653993e-06,True
15.5,0.1675,4.6821452633905025e-06,True
15.5,0.17250000000000001,4.339853990620313e-06,True
15.5,0.17750000000000002,4.0239454622836845e-06,True
15.5,0.1825,3.7315679486393805e-06,True
15.5,0.1875,3.4602448782949935e-06,True
15.5,0.1925,3.2078171326999083e-06,True
15.5,0.1975,2.972395437894626e-06,True
15.5,0.2025,2.7523208838697855e-06,True
15.5,0.20750000000000002,2.5461320191100256e-06,True
15.5,0.21250000000000002,2.352537303962343e-06,True
15.5,0.2175,2.17039194516655e-06,True
15.5,0.2225,1.9986783313941103e-06,True
15.5,0.2275,1.8364894477373994e-06,True
15.5,0.2325,1.6830147585578104e-06,True
15.5,0.23750000000000002,1.5375281495755289e-06,True
15.5,0.2425,1.3993775914711293e-06,True
15.5,0.2475,1.2679762509959502e-06,True
15.5,0.2525,1.1427948223285966e-06,True
15.5,0.2575,1.023354888163297e-06,True
15.5,0.2625,9.092231620932978e-07,True
15.5,0.2675,8.000064722901712e-07,True
15.5,0.2725,6.953473873361204e-07,True
15.5,0.2775,5.949203861765895e-07,True
15.5,0.28250000000000003,4.984285002507249e-07,True
15.5,0.28750000000000003,4.056003594099522e-07,True
15.5,0.2925,3.1618758977725037e-07,True
15.5,0.2975,2.2996251336504514e-07,True
15.5,0.3025,1.4671611325844935e-07,True
15.5,0.3075,6.625622761546879e-08,True
15.5,0.3125,1.1594056048558343e-08,True
15.5,0.3175,8.699782916288257e-08,True
15.5,0.3225,1.6010563863577687e-07,True
15.5,0.3275,2.3105662683153838e-07,True
15.5,0.3325,2.999795528646487e-07,True
15.5,0.3375,3.6699370953297006e-07,True
15.5,0.3425,4.322097448827833e-07,True
15.5,0.34750000000000003,4.957304046149247e-07,True
15.5,0.35250000000000004,5.576511985516674e-07,True
15.5,0.35750000000000004,6.180610044870249e-07,True
15.5,0.3625,6.770426130842111e-07,True
15.5,0.3675,7.346732213697749e-07,True
15.5,0.3725,7.910248800424569e-07,True
15.5,0.3775,8.461648994817494e-07,True
15.5,0.3825,9.001562196742086e-07,True
15.5,0.3875,9.530577469440971e-07,True
15.5,0.3925,1.0049246582655158e-06,True
15.5,0.3975,1.055808682925985e-06,True
15.5,0.4025,1.1057583567675167e-06,True
15.5,0.40750000000000003,1.1548192567767401e-06,True
15.5,0.41250000000000003,1.203034214469767e-06,True
15.5,0.41750000000000004,1.2504435109583767e-06,True
15.5,0.4225,1.2970850589155702e-06,True
15.5,0.4275,1.3429945667775556e-06,True
15.5,0.4325,1.388205690511235e-06,True
15.5,0.4375,1.4327501738353732e-06,True
15.5,0.4425,1.4766579776726019e-06,True
15.5,0.4475,1.5199573979440828e-06,True
15.5,0.4525,1.5626751764807878e-06,True
15.5,0.4575,1.604836601276638e-06,True
15.5,0.4625,1.646465600968483e-06,True
15.5,0.4675,1.687584831322475e-06,True
15.5,0.47250000000000003,1.7282157559472822e-06,True
15.5,0.47750000000000004,1.7683787204569867e-06,True
15.5,0.48250000000000004,1.8080930219710467e-06,True
15.5,0.4875,1.8473769727300748e-06,True
15.5,0.4925,1.8862479604919713e-06,True
15.5,0.4975,1.9247225031548965e-06,True
